county,tag,confidence,elections_office_phone,elections_office_email,results_url,platform,host,evidence_url,evidence_snapshot_timestamp,precinct_first_seen_local_time,stated_change_2026,stated_change_source,usage_notice_text,notes
Anderson,COUNTY_ONLY_PRECINCT_AT_CANVASS,med,(903) 723-7438,cbrown@co.anderson.tx.us,https://www.andersoncountytx.gov/page/Elections.2026,county_pdfs,www.andersoncountytx.gov,https://www.andersoncountytx.gov/upload/page/0131/docs/Elections%202026/2026%20Pri%20Unofficial%20Results.pdf,,,n,,,"Seed URL over http returns 403; https redirects to the current domain www.andersoncountytx.gov. No Clarity site (elections.json 404). The 2026 Elections page lists per election an 'Unofficial Election Results' file (Summary Results Report, county totals only) and 'Final Official' files; the runoff precinct report is titled 'Final Official Pct x Pct Results'. The Elections Information page and the 2026 page show no 2024 general results. Primary unofficial PDF CreationDate is 11:34 PM CST election night but its server upload (Last-Modified) is 9:07 AM CST Mar 4; runoff unofficial file was created and uploaded the morning of May 27. Check 3 pending (wayback-data branch not found on origin) for the 2024 general. Rule 43 applied 2026-10-02 (normalize-3): 2026_runoff LATER kept, county_totals_first_seen 2026-05-26 21:16 CT. Contact from TX SOS county election officials list (page sha256 065e1ebd63c5)."
Andrews,COUNTY_ONLY_PRECINCT_AT_CANVASS,low,(432) 524-1463,bparker@co.andrews.tx.us,https://www.co.andrews.tx.us/193/Election-Results,county_pdfs,www.co.andrews.tx.us,https://www.co.andrews.tx.us/DocumentCenter/View/2851/052626-unofficial-results,,,n,,,"No Clarity site (elections.json 404). The Election Results page posts one scanned PDF per election (EPSON Scan, image only; read visually). The CivicPlus DocumentCenter sends no Last-Modified header, so there is no server upload time. Current links: '05.26.26 unofficial results', '03.03.26 Official results' (scanned 2026-03-17), '11.05.24 Official Results' (scanned 2024-11-20). No precinct-level file is listed for any of the three elections. 2024 general and 2026 primary only have official files now, so election-night publication cannot be decided; check 3 pending (wayback-data branch not found on origin). Contact from TX SOS county election officials list (page sha256 065e1ebd63c5)."
Angelina,UNKNOWN,low,(936) 634-7390,tjordan@angelinacounty.net,https://election.angelinacounty.net/,homegrown,election.angelinacounty.net,,,,n,,,"Seed URL is the tax office page; the Elections page is https://www.angelinacounty.net/elections/. Its 'Election Results' section links only 2024 primary runoff and constable files and a 'Partial Manual Count 11.05.24'; nothing for the 2024 general, 2026 primary or 2026 runoff. One web search found 'Angelina County Election Results' at election.angelinacounty.net, a county-built live results app ('Live election results for Angelina County, Texas'). Its public API api/results.php returns only the active election (id 6, 'November 3 2026 General', all zero votes); the data model has per-candidate county 'votes' plus 'precincts_counted'/'precincts_total' and no per-precinct vote fields, which suggests county totals only, but which past elections it carried is not shown, so it cannot decide any target election (earlier election IDs were not probed). No Clarity site (elections.json 404). Check 3 pending (wayback-data branch not found on origin). Targeted pass 3 2026-10-02 (targeted3-C): no election changed. New lead for 2026_primary: web search located unlinked county files https://www.angelinacounty.net/files/pdf/elections/pdf/2026/030326/unofficial.results.rep.030326.pdf (hash 72f537fa...) and unofficial.results.dem.030326.pdf (hash 8a56dd25...): 'Summary Results Report ... UNOFFICIAL RESULTS ... TX Angelina County 260303 Primary ... 21 of 21 ED', county totals with Absentee, Early Voting and Election Day columns, footer 'Election Summary - 03/03/2026 10:05 PM'. Last-Modified Mon, 09 Mar 2026 13:15 GMT (scanned with Adobe Paper Capture, ModDate the same), so the upload is after election night. This is a county-totals file with an election-night printed time, but no record shows what else was posted that night (the Elections page no longer lists any 2026 primary results), so the rule 43 condition 'no election-day precinct numbers that night' cannot be shown and the election stays UNDETERMINED (lead toward LATER). The live app's JavaScript (election.angelinacounty.net/dist/assets/index-iFlIcbgw.js, hash c2ab007f...) confirms its data model holds county-level candidate votes plus precincts_counted/precincts_total only (endpoints results.php, elections.php, candidates.php, propositions.php; no per-precinct votes), but when the app was first used is not shown. 2026_runoff: a web search found only official reconciliation files in /2026/052626/; no unofficial runoff file. 2024_general: nothing new. Wayback harvest for angelinacounty.net (domain match) found no election-night captures. Sweep pending. Contact from TX SOS county election officials list (page sha256 065e1ebd63c5)."
Aransas,UNKNOWN,low,(361) 729-7431,kstroud@aransascounty.org,https://www.aransascountytx.gov/electionadmin/voteelectinfo.php,unknown,www.aransascountytx.gov,,,,n,,,"Seed page (clerk/voteelectinfo.php) and the current elections page found by one web search (electionadmin/voteelectinfo.php) both return HTTP 200 with only an Incapsula bot-protection script ('/_Incapsula_Resource?...', robots noindex), so county-posted reports cannot be read; not circumvented. No Clarity site (elections.json 404) and no other vendor results site found. Check 3 pending (wayback-data branch not found on origin). Contact from TX SOS county election officials list (page sha256 065e1ebd63c5)."
Archer,UNKNOWN,low,(940) 574-2645,christie.mooney@co.archer.tx.us,https://www.co.archer.tx.us/page/archer.Elections,county_pdfs,www.co.archer.tx.us,,,,n,,,"Seed URL over http returns 403; https works. No Clarity site (elections.json 404). The Elections page posts Hart-style 'Official Cumulative Report' and 'Official Precinct Report' PDFs for all three target elections, with file names stamped after canvass: 2024 general 'Precinct Results-11-14-2024 04-31-30 PM.pdf', 2026 primary 'Republican Precinct Results-3-18-2026 02-17-47 PM.pdf', 2026 runoff 'Democrat Precinct Results-6-8-2026 09-17-49 AM.pdf' and 'Republican Precinct Results.pdf' (Official Results, Run Date 06/08/2026, Last-Modified Thu, 11 Jun 2026 14:47:11 GMT). The county does post precinct reports, but no election-night (unofficial) file for any target election remains on the page (an 'UNOFFICIAL Election Results' cumulative file exists only for the May 2, 2026 local election), so election-night publication cannot be decided. Check 3 pending (wayback-data branch not found on origin). Contact from TX SOS county election officials list (page sha256 065e1ebd63c5)."
Armstrong,COUNTY_ONLY_PRECINCT_AT_CANVASS,med,(806) 410-1297,armstrongelection@co.armstrong.tx.us,https://www.co.armstrong.tx.us/page/armstrong.Elections,county_pdfs,www.co.armstrong.tx.us,https://www.co.armstrong.tx.us/upload/page/5375/docs/2026 Primary/ELECTION-UNOFFICIAL-RESULT-REPORT_primary 030326.pdf,,2024-11-05 21:18 CT,n,,,"Seed URL works over https. No Clarity site (elections.json 404). The Elections page posts county PDFs (several are scans, read visually). 2024 general: 'Unofficial Results General Election 11 05 2024' is a 45-page scanned Electionware 'Summary Results Report ... UNOFFICIAL RESULTS' broken out by precinct with an Election Day column; footer 'Precinct Summary - 11/05/2024 9:48 PM', but its XMP CreateDate is 2024-11-05T21:17:29-06:00 and Last-Modified Wed, 06 Nov 2024 03:18:31 GMT (9:18 PM CST), so the printed footer time is 30 minutes later than the file creation and upload (tabulator clock likely ahead); either way on election night. 2026 primary: unofficial files are the SOS 'Election Unofficial Results Report' (county totals; text layer garbled, read visually); precinct files are titled 'Official ... Results by Precinct'. 2026 runoff: unofficial file is a scanned 2-page Electionware Summary (county totals); no precinct report is posted for the runoff. Primary and runoff each have printed time and server upload time on election night, so confidence med. Check 3 not needed for decided elections (wayback-data branch not found on origin). Rule 47 applied 2026-10-02 (normalize-47): none. Contact from TX SOS county election officials list (page sha256 065e1ebd63c5)."
Atascosa,COUNTY_ONLY_PRECINCT_AT_CANVASS,med,(830) 769-1472,Elections@co.atascosa.tx.us,https://co.atascosa.tx.us/elections-administration/,county_pdfs,co.atascosa.tx.us,https://co.atascosa.tx.us/wp-content/uploads/2026/03/260303-ED.pdf,,,n,,,"Seed page (atascosacounty.texas.gov/page/atascosa.Elections) returns 404; the domain redirects to co.atascosa.tx.us, whose Elections Administration page lists results under 'Past Elections'. No Clarity site (elections.json 404). For every target election the unofficial files are scanned Electionware 'Summary Results Report' county totals ('Unofficial Results - Election Day' and '- Early Voting'); precinct numbers appear only in official files (e.g. March 3, 2026 'Official Results - Precinct Detail'). The 2024 general files were re-uploaded in January 2026 (wp-content/uploads/2026/01), so they carry no election-night upload time. Primary and runoff files have printed run times and server upload times on election night. Dashes in link titles replaced with hyphens. Contact from TX SOS county election officials list (page sha256 065e1ebd63c5)."
Austin,COUNTY_ONLY_PRECINCT_AT_CANVASS,low,(979) 865-8633,krinn@austincounty.com,https://www.austincounty.com/page/austin.Elections,county_pdfs,www.austincounty.com,https://www.austincounty.com/upload/page/0096/March 2026 Primary/ED Results 3 3 26.pdf,,,n,,,"Seed URL over http returns 403; https works. No Clarity site (elections.json 404). March 2026 primary: an unlabeled link to 'ED Results 3 3 26.pdf' (scanned, signed Electionware Summary Results Report, county totals) plus 'Official Results Precinct by Precinct' files. May 2026 runoff: only official files ('Officila Results Democrat by Pct', 'Offiucial Results Republican by Pct', 'Combined Summary Report'). 2024 general: Past Election Results page lists only '1152024 Official Summary Results' and '1152024 Official Pct by Pct Results'. The primary scan's PDF CreationDate (05:54 UTC) is later than its Last-Modified (05:06 GMT), so the scanner clock is unreliable; the printed footer and server time are used. Check 3 pending for 2024 general and runoff (wayback-data branch not found on origin). Contact from TX SOS county election officials list (page sha256 065e1ebd63c5)."
Bailey,COUNTY_ONLY_PRECINCT_AT_CANVASS,low,(806) 272-3044,iespinoza@co.bailey.tx.us,https://www.co.bailey.tx.us/page/bailey.Elections,county_pdfs,www.co.bailey.tx.us,https://www.co.bailey.tx.us/upload/page/8143/Restore Files Missing/ELECTION-UNOFFICIAL-RESULT-REPORT_94084_1779848092532.pdf,,,n,,,"Seed URL works over https. No Clarity site (elections.json 404). Many files on the Elections page sit in a folder named 'Restore Files Missing' and were re-uploaded (the runoff SOS report has Last-Modified Mon, 20 Jul 2026 20:37:18 GMT), so server upload times do not reflect election night. The 2026 primary unofficial report ('Election Unofficial Results Report Democrat') and the 2024 general 'UNOFFICIAL ELECTION DAY TOTALS' links both return 404. Runoff precinct numbers appear only in 'Precinct Summary Results Report ... Official Results'. Check 3 pending for 2024 general and 2026 primary (wayback-data branch not found on origin). Contact from TX SOS county election officials list (page sha256 065e1ebd63c5)."
Bandera,PRECINCT_END_OF_NIGHT,low,(830) 796-8146,elections@banderacounty.org,https://www.banderacounty.gov/page/elections.current.elections,county_pdfs,www.banderacounty.gov,https://www.banderacounty.gov/page/open/1938/0/Precinct%20Results-5-26-2026,,2026-05-26 21:45 CT,n,,,"Seed homepage redirects to www.banderacounty.gov. No Clarity site (elections.json 404). The elections pages link 'Election Results' to the SOS results site (goelect.txelections.civixapps.com/ivis-enr-ui/races) and post the county's own Hart-style PDFs. The server sends no Last-Modified header for these files (page/open/... handler), so there are no upload times; only printed run times. 2026 runoff: 'Precinct Results-5-26-2026' is an Unofficial precinct report run 9:45 PM on election night with Election Day columns and 10 of 10 precincts reporting; treated as END on printed run time only (upload time unknown), confidence low. 2026 primary: only 'Official Canvass/Cumulative/Precinct Results March 3rd Primary'. 2024 general: precinct and cumulative files are 'Official Results' run 04/04/2025. Check 3 pending for 2024 general and 2026 primary (wayback-data branch not found on origin). Rule 47 applied 2026-10-02 (normalize-47): none. Contact from TX SOS county election officials list (page sha256 065e1ebd63c5)."
Bastrop,PRECINCT_END_OF_NIGHT,high,(512) 581-7160,elections@co.bastrop.tx.us,https://results.enr.clarityelections.com/TX/Bastrop/,clarity_style,results.enr.clarityelections.com,https://results.enr.clarityelections.com/TX/Bastrop/122753/352888/reports/detailxml.zip,,2024-11-05 23:35 CT,n,,,"County site www.bastropvotes.org returns an empty HTTP 202 to the fetch module (bot protection), so check 2 was not possible; all three elections are on Clarity and were settled by check 1. Vote types were read from the cached detail.xml files: the first election-night update of each election has Early Voting/Absentee precinct numbers only; election-day precinct numbers first appear at 11:35 PM (2024 general), 9:58 PM (2026 primary) and 9:12 PM (2026 runoff). Several early versions return 404 (pre-election test versions). In the 2026 runoff the Clarity reporting units are 'Poll 1' to 'Poll 4' (consolidated runoff polling precincts), not the 26 regular precincts. LIVE is applied only when two or more election-night updates carry election-day precinct numbers. Contact from TX SOS county election officials list (page sha256 065e1ebd63c5)."
Baylor,COUNTY_ONLY_PRECINCT_AT_CANVASS,med,940-889-4410,tanna.dockins@co.baylor.tx.us,https://www.co.baylor.tx.us/page/baylor.Elections,county_pdfs,www.co.baylor.tx.us,https://www.co.baylor.tx.us/upload/page/9603/2026/baylor_county_2026_primary_election_results.pdf,,,n,,,"Seed URL works. No Clarity site (elections.json 404). The Elections page posts scanned Electionware 'Summary Results Report ... UNOFFICIAL RESULTS' files (county totals; Baylor has 4 precincts, 'Precincts Reporting 4 of 4'); no precinct-by-precinct report is posted for any target election. 2024 general summary printed 10:11 PM election night but uploaded Wed, 06 Nov 2024 17:20:30 GMT (11:20 AM CST next day). 2026 primary summary printed 7:59 PM and uploaded 8:26 PM CST on election night. The 2026 runoff has only a post-election hand count certification, no results file; check 3 pending for the runoff (wayback-data branch not found on origin). Scanned PDFs read visually (OCR text layer partly garbled). Contact from TX SOS county election officials list (page sha256 065e1ebd63c5)."
Bee,COUNTY_ONLY_PRECINCT_AT_CANVASS,low,(361) 621-1519,elections@beecounty.texas.gov,https://www.beecounty.gov/277/2026-Elections,county_pdfs,www.beecounty.gov,https://www.beecounty.gov/DocumentCenter/View/3269/Unofficial-Cumulative-Report-w-Preliminary-Reconciliation-PDF,,,n,,,"Seed host www.co.bee.tx.us is unreachable (robots.txt fetch: connection reset), so the fetch module refuses it. One web search located the current site www.beecounty.gov (CivicPlus; DocumentCenter sends no Last-Modified header, so no upload times). No Clarity site (elections.json 404). 2026 runoff: 'Unofficial Cumulative Report w Preliminary Reconciliation' is a Hart-style county-total report run 9:11 PM election night; the only other runoff results file is 'Official Results with Reconciliation'. 2026 primary: Elections History lists only 'March 3, 2026 Preliminary Election Reconciliation' and a hand count certification, no results file. 2024 general: a single 'November 5, 2024 General Election (PDF)' (not opened; one file cannot show election-night timing). Check 3 pending for 2024 general and 2026 primary (wayback-data branch not found on origin). Contact from TX SOS county election officials list (page sha256 065e1ebd63c5)."
Bell,LIVE_PRECINCT,low,(254) 933-5774,Desi.Roberts@bellcounty.texas.gov,https://results.enr.clarityelections.com/TX/Bell/,clarity_style,results.enr.clarityelections.com,https://results.enr.clarityelections.com/TX/Bell/122428/351964/reports/detailxml.zip,,2024-11-05 21:15 CT,n,,,"Bell's Clarity elections.json lists the 2024 general (EID 122428) but not the 2026 primary or runoff. The county site www.bellcountytx.com has a robots.txt that disallows all agents except named search bots ('User-agent: * Disallow: /'), so the fetch module refuses it and the county's links to 2026 Clarity EIDs or posted reports could not be read; one web search found only the county Notices and Election Results Archive pages (same blocked host), no Clarity EID. Vote types read from cached detail.xml: the 8:36 PM update has early and absentee precinct numbers only; election-day precinct numbers first appear at 9:15 PM. Check 3 pending for 2026 primary and runoff (wayback-data branch not found on origin). Contact from TX SOS county election officials list (page sha256 065e1ebd63c5)."
Bexar,LIVE_PRECINCT,high,(210) 335-8683,BexarCountyElections@bexar.org,https://results.enr.clarityelections.com/TX/Bexar/127291/,clarity_style,results.enr.clarityelections.com,https://results.enr.clarityelections.com/TX/Bexar/126369/373019/reports/detailxml.zip,,2026-03-03 19:17 CT,n,,,"Bexar elections page (bexar.org/elections) links 'Election Night Returns' to Clarity EID 127291 (Nov 2026). The Clarity elections.json for Bexar is empty, so phase1.clarity_timeline reported every election 'not listed'; the same check 1 functions (read_detail, on_election_night) were run from scratch on EIDs 125927 (March 2026 primary) and 126369 (May 2026 runoff), found as clarityelections links on Wikipedia/San Antonio Report pages. Older Clarity versions return 404 (9 of 17 in the primary, 8 of 19 in the runoff), all of them pre-election-day or post-night. Vote-type sums per update confirm election-day precinct votes rising across night updates. 2024 general: the county's election-night 'Election Results' link (home.bexar.org/el45a.html) is an Electionware summary (county totals) report; official precinct reports are posted on the Historical Election Results page. Check 3 pending (wayback-data branch not found on origin). Last-Modified on the Clarity zips was not used; timestamps are from detail.xml. Contact from TX SOS county election officials list (page sha256 065e1ebd63c5)."
Blanco,COUNTY_ONLY_PRECINCT_AT_CANVASS,med,(830) 868-7168,electionsadmin@blancocountytexas.gov,https://www.blancocountytexas.gov/page/Elections-2026,county_pdfs,www.blancocountytexas.gov,https://www.blancocountytexas.gov/upload/page/0116/2026%20Elections/PRIMARY%20ELECTION/ENR%2003.03.2026.pdf,,,n,,,"Seed www.co.blanco.tx.us redirects to www.blancocountytexas.gov. No Clarity site (elections.json 404). For each target election the county posts one unofficial file (SOS 'Election Unofficial Results Report' or Electionware 'Summary Results Report', county totals) and later official canvass, summary and 'Official Precinct by Precinct' reports; no unofficial precinct report. 2024 general and 2026 primary unofficial files have creation/printed and server upload times on election night; the 2026 runoff unofficial file was scanned May 27 and uploaded May 28. Scanned files read visually. Rule 43 applied 2026-10-02 (normalize-3): 2026_runoff LATER to UNDETERMINED. Contact from TX SOS county election officials list (page sha256 065e1ebd63c5)."
Borden,UNKNOWN,low,(806) 756-4312,jana.underwood@co.borden.tx.us,https://www.co.borden.tx.us/page/Elections.2026,county_pdfs,www.co.borden.tx.us,,,,n,,,"Seed URL works over https. No Clarity site (elections.json 404). The Elections 2026 and Past Elections pages list only 'OFFICIAL RESULTS' files for each target election (xls for the 2024 general and 2026 primary, scanned PDFs for the 2026 runoff) plus hand count certifications; no election-night (unofficial) file survives, so election-night publication cannot be decided from checks 1 and 2. Check 3 pending (wayback-data branch not found on origin). Contact from TX SOS county election officials list (page sha256 065e1ebd63c5)."
Bosque,UNKNOWN,low,(254) 435-6650,a.rupp@bosquecounty.gov,,unknown,www.bosquecounty.gov,,,,n,,,"Seed URL www.bosquecounty.us (http and https) returns HTTP 403 whose body is the session egress proxy message 'Host not in allowlist: www.bosquecounty.gov. Add this host to your network egress settings to allow access.' (the county site redirects to www.bosquecounty.gov). This is an environment network limit, not county bot protection; the county's results page was not read. No Clarity site (elections.json 404). Check 3 pending (wayback-data branch not found on origin). Contact from TX SOS county election officials list (page sha256 065e1ebd63c5)."
Bowie,PRECINCT_END_OF_NIGHT,low,(903) 628-6810,pat.mccoy@bowiecounty.org,https://www.bowiecounty.org/1239/Elections,county_pdfs,www.bowiecounty.org,https://www.bowiecounty.org/DocumentCenter/View/338/March-3-2026-Unofficial-Results-PDF,,2026-05-26 22:33 CT,n,,,"Seed page returns 404; www.co.bowie.tx.us redirects to www.bowiecounty.org (CivicPlus). The server stamps every DocumentCenter file with the request time as Last-Modified (Fri, 02 Oct 2026 15:33-15:34 GMT), so it gives no upload evidence; only printed run times are used. No Clarity site (elections.json 404); the Elections page also links 'Texas Election Results' (SOS goelect site). 2024 general and 2026 primary: the posted unofficial file is an Electionware county Summary printed the next morning, and precinct numbers appear only in 'Official' Pct X Pct reports. 2026 runoff: an unofficial 'Precinct Summary' (per precinct, with Election Day column) printed 10:33 PM election night is posted; treated as END on printed run time only. Rule 43 applied 2026-10-02 (normalize-3): 2024_general LATER to UNDETERMINED; 2026_primary LATER to UNDETERMINED. Rule 47 applied 2026-10-02 (normalize-47): none. Contact from TX SOS county election officials list (page sha256 065e1ebd63c5)."
Brazoria,UNKNOWN,low,(979) 864-1074,cclerkelections@brazoria-county.com,https://www.brazoriacountyclerktx.gov/departments/elections/election-results,unknown,www.brazoriacountyclerktx.gov,,,,n,,,"Seed elections page and the 'Election Results' page (located by one web search) both return HTTP 403 'Access Denied' (Akamai edgesuite reference), i.e. bot protection; not circumvented. No Clarity site (elections.json 404) and no other vendor results site found. Check 3 pending (wayback-data branch not found on origin). Targeted pass 2026-10-02 (targeted-Brazoria): no election decided; tag and results unchanged. Tried: (1) wayback-data branch: phase1/wayback_snapshots/Brazoria/index.json has every CDX query failed (robots_disallowed_or_unreachable), 0 captures; phase1/targeted/archives/Brazoria and phase1/targeted/wayback/Brazoria not present on the branch at start or at finish. (2) web.archive.org (CDX and robots.txt), timetravel.mementoweb.org timemap and archive.ph timemap all refused by the fetch module (robots_disallowed_or_unreachable). (3) archive.org/wayback/available (reachable) closest-capture lookups: election-results page closest to each election night is 20241203234611 and 20260315212625 (UTC), so no election-night capture of the results page exists in Wayback; /departments/elections closest are 20241007150925, 20260303233907 (5:39 PM CST, before polls closed) and 20260526203902 (3:39 PM CDT, before polls closed); home page 20241106172036 (11:20 AM CST Nov 6), 20260303212134, 20260529231036. None is on election night, and replays cannot be read here anyway. (4) Non-www host brazoriacountyclerktx.gov also returns HTTP 403 (same protection); not pursued further. No vendor results site (Clarity or other) found by search; county results are CivicPlus showpublisheddocument PDFs on the protected host, and the ones surfaced by search are canvass or later versions (not evidence, search text only). (5) Check 4 news: Community Impact 2026 primary county-judge article (published 2026-03-04 12:50 UTC) gives county totals only, with a 10:30 p.m. update quoting totals 'As of 9:45 p.m.' 'according to unofficial results from Brazoria County'; The Facts primary-night articles (published 2026-03-03 21:02 CST and 2026-03-04 16:09 CST) give county totals and state the county 'did not upload its first batch of early voting results until about 9:54 p.m.'; The Facts '2026 Brazoria County primary vote totals' (2026-03-04 17:57 CST) is a county-total table; The Facts runoff article (2026-05-26 22:36 CDT) cites 'Unofficial results released Tuesday night by the Brazoria County Elections Division' with county totals only; no Houston Chronicle precinct map found. No third-party page shows per-precinct candidate votes, so check 4 decides nothing. These are leads that county totals were posted on 2026 primary and runoff nights, but no county file with an election-night run or upload time survives, so LATER cannot be applied. Leads left: targeted archive results for Brazoria (not yet on the branch); Wayback replays of the 2026-03-03 23:39 UTC and 2026-05-26 20:39 UTC /departments/elections captures could show which results link or vendor the county used. Targeted pass 3 2026-10-02 (targeted3-B): no election decided; tag and results unchanged. Tried: (1) wayback-data targeted Wayback captures now present (4 election-window captures: polling-places-election-day 2024-11-05 23:44 CST, polling-places-early-voting 2024-11-06 03:11 CST, candidate-information 2026-03-03 19:50 CST, polling-places-election-day 2026-05-26 21:49 CDT); none contains results, only the navigation link '/departments/elections/election-results'. targeted/archives (archive.today timemaps) empty; Memento refused. (2) https://www.brazoriacountytx.gov/departments/elections also returns HTTP 403 (same protection). (3) One search found only canvass-time CivicPlus documents (showpublisheddocument version ticks decode to 2026-03-16) on the protected host. (4) Check 4: KPRC click2houston '2026 primary elections results for brazoria county' (dateModified 2026-03-04T04:27:47Z) shows county totals only from a Graham Digital feed (elex.grahamdigital.com bti.xml, xml_update_time '03/05/2026 02:28pm'), no per-precinct votes. Sweep pending. Contact from TX SOS county election officials list (page sha256 065e1ebd63c5)."
Brazos,COUNTY_ONLY_PRECINCT_AT_CANVASS,low,(979) 361-5770,brazosvotes@brazoscountytx.gov,https://elections.brazoscountytx.gov/results/,county_pdfs,elections.brazoscountytx.gov,https://elections.brazoscountytx.gov/wp-content/uploads/2026/05/Unofficial-Cumulative-Results-05262026.pdf,,,n,,,"Seed www.brazosvotes.org redirects to elections.brazoscountytx.gov. No Clarity site (elections.json 404). The Results page posts Hart-style Cumulative Results Reports (county totals) as 'Unofficial' and 'Official'. Files for elections before May 2026 were re-uploaded in April 2026 as ADA 'accessible' versions (wp-content/uploads/2026/04), so they carry no election-night upload time. 2026 primary: besides the unofficial cumulative (Run Time 9:28 PM 3/3/2026), per-location 'Precinct Report 3-3-26' files are posted, but only as April 2026 re-uploads, so whether precinct numbers appeared on election night cannot be decided; check 3 pending. 2024 general: the only unofficial file is a cumulative report run 10:15 AM Nov 6 and no precinct-level report is posted. 2026 runoff: unofficial cumulative county totals run 9:09 PM and uploaded 10:15 PM CDT; no precinct report posted. Rule 43 applied 2026-10-02 (normalize-3): 2024_general LATER to UNDETERMINED. Contact from TX SOS county election officials list (page sha256 065e1ebd63c5)."
Brewster,COUNTY_ONLY_PRECINCT_AT_CANVASS,low,(432) 837-6230,election.admin@co.brewster.tx.us,https://www.brewstercounty.gov/page/Elections.Results,county_pdfs,www.brewstercounty.gov,https://www.brewstercounty.gov/page/open/2199/0/Primary%20Runoff%20SoS%20Unofficial%20Results%2052626.pdf,,,n,,,"Brewster's Elections Results page (ezTask document list) currently holds only May 26, 2026 runoff files; no files for the 2024 general or the 2026 primary are posted, so those two are UNDETERMINED (check 3 pending; wayback-data branch not found on origin). No Clarity or other vendor site found. The server sends no Last-Modified header, so there is no upload-time evidence; the times used are the PDFs' embedded CreationDate metadata (not a printed run time), which is weaker evidence. Runoff: 'Primary Runoff SoS Unofficial Results 52626' is the SOS 'Election Unofficial Results Report' for Brewster (county totals only), CreationDate Wed May 27 03:24:55 2026 UTC = 10:24 PM CDT May 26. The DEM and REP 'Precinct Summary' PDFs ('Summary Results Report UNOFFICIAL RESULTS ... Precinct 1 ...') have CreationDate Wed Jun 3 2026 (15:06 and 15:08 UTC), after election night. Contact from TX SOS county election officials list (page sha256 065e1ebd63c5)."
Briscoe,UNKNOWN,low,(806) 823-2131 ext. 2,coclerk@co.briscoe.tx.us,https://www.co.briscoe.tx.us/page/briscoe.Elections,county_pdfs,www.co.briscoe.tx.us,,,,n,,,"Seed URL works over https. No Clarity site (elections.json 404). The Elections page lists, for the 2026 runoff and 2026 primary, only 'Official Results' and 'Official Results By Precinct' files (plus reconciliations and hand count audits); the 2024 general 'Unofficial Results' link (11.05.2024.pdf) returns 404, and a 2024 CVR spreadsheet is posted. No election-night file survives for any target election, so checks 1 and 2 cannot decide. Check 3 pending (wayback-data branch not found on origin). Contact from TX SOS county election officials list (page sha256 065e1ebd63c5)."
Brooks,UNKNOWN,low,(361) 325-5670 ext. 369,agarcia@co.brooks.tx.us,https://www.co.brooks.tx.us/page/brooks.Elections,county_pdfs,www.co.brooks.tx.us,https://www.co.brooks.tx.us/upload/page/5156/Precinct Results-05262026.pdf,,2026-03-03 21:40 CT,n,,,"Seed URL works over https. No Clarity site (elections.json 404). The Elections Administrator page posts Hart-style Cumulative and Precinct Results Reports for each election. 2024 general: the precinct-by-precinct file is a 35-page scan (header shading makes the run time illegible; header reads 'Unofficial Results' and 'OFFICAL ELECTION RESULTS') scanned and uploaded the morning of Nov 6. 2026 primary: unofficial Precinct Results Report with Election Day columns, Run Time 9:33 PM, uploaded 9:40 PM CST on election night. 2026 runoff: on election night only the cumulative county totals (Run Time 8:25 PM, uploaded 8:36 PM CDT); the precinct report was run 12:24 PM May 28 and uploaded 3:58 PM CDT May 28. Both runoff reports show 'Precincts Reporting 0 of 5' although they include Election Day votes (as printed). Rule 43 applied 2026-10-02 (normalize-1): 2024_general LATER to UNDETERMINED. Rule 47 applied 2026-10-02 (normalize-47): none. Contact from TX SOS county election officials list (page sha256 065e1ebd63c5)."
Brown,COUNTY_ONLY_PRECINCT_AT_CANVASS,med,(325) 646-4333,Brenda.arp@browncountytx.org,https://www.browncountytx.gov/page/brown.Elections,county_pdfs,www.browncountytx.gov,https://newtools.cira.state.tx.us/upload/page/0815/10%20of%2010%20Unofficial%20Results.pdf,,,n,,,"Seed URL redirects to www.browncountytx.gov. No Clarity site (elections.json 404). For each target election the posted unofficial file is a scanned Hart-style 'Cumulative Results Report ... Unofficial Results' (county totals; read visually, no text layer). Precinct numbers appear only in official files ('PCT nnn DEM/REP 05.26.2026', 'OFFICIAL RESULTS 05.26.2026' precinct by precinct, 'PRECINCT 1-4 OFFICIAL RESULTS' for the primary); no precinct-level file is posted for the 2024 general. The 2024 unofficial file is linked under the mislabeled title '2024 Write-In Ballot Certification-'. Runoff unofficial file printed 8:14 PM and uploaded 8:38 PM CDT on election night; the primary unofficial file was printed 8:45 PM but uploaded 1:35 PM CST Mar 4; the 2024 file printed 9:42 PM Nov 5 but uploaded Nov 12 (its scan CreationDate 8:45 PM CST precedes the printed run time, so the scanner clock is unreliable). Contact from TX SOS county election officials list (page sha256 065e1ebd63c5)."
Burleson,COUNTY_ONLY_PRECINCT_AT_CANVASS,med,(979) 567-2000,electadmin@burlesoncounty.org,https://www.burlesoncountytx.gov/page/gov.election.results,county_pdfs,www.burlesoncountytx.gov,https://www.burlesoncountytx.gov/page/open/2922/0/Unofficial%20Results%202026%20Primary%20Runoff.pdf,,,n,,,"Seed co.burleson.tx.us redirects to www.burlesoncountytx.gov. No Clarity site (elections.json 404). The Election Results page links an 'ENR Public Portal' (results.texas-election.com/races), which returns a Cloudflare 'Just a moment...' challenge (HTTP 403) to the fetch module, so its contents and any update history could not be read; it also links the SOS results site. County-posted files are served by a handler that sends no Last-Modified, so only printed run times and scan times are available. The posted unofficial files for the 2026 primary and runoff are scanned Hart 'Cumulative Results Report' county totals (plus SOS unofficial reports for the primary); the only other result files are 'Official results'. The Election Results page lists nothing for the 2024 general; check 3 pending for it (wayback-data branch not found on origin). Contact from TX SOS county election officials list (page sha256 065e1ebd63c5)."
Burnet,PRECINCT_END_OF_NIGHT,low,(512) 715-5288,elections@burnetcountytexas.org,https://www.burnetcountytexas.org/1325/Election-Results,county_pdfs,www.burnetcountytexas.org,https://www.burnetcountytexas.org/DocumentCenter/View/2005/2026-Primary-Runoff-Unofficial-Precinct-Report-PDF,,2026-05-26 21:35 CT,n,,,"Seed page (default.aspx?name=elect.home) returns 404; the current CivicPlus site has an Election Results page (found via Departments). The server stamps every file with the request time as Last-Modified (Fri, 02 Oct 2026 15:41 GMT), so it gives no upload evidence; only printed run times are used. No Clarity site (elections.json 404). 2026 runoff: unofficial Precinct, Cumulative and Canvass reports are posted beside the official ones; the unofficial Precinct Results Report has Election Day columns, 18 of 18 polling places reporting, Run Time 9:35 PM on election night (PDF ModDate 10:41 PM CDT); treated as END on printed run time only. 2026 primary and 2024 general: only official reports and reconciliations are listed (the November 5, 2024 subpage holds early voting rosters), so check 3 pending for those (wayback-data branch not found on origin). Rule 47 applied 2026-10-02 (normalize-47): none. Contact from TX SOS county election officials list (page sha256 065e1ebd63c5)."
Caldwell,UNKNOWN,low,(512) 668-4347,caldwellec@co.caldwell.tx.us,https://www.co.caldwell.tx.us/page/Elections.Results%20Page,county_pdfs,www.co.caldwell.tx.us,https://www.co.caldwell.tx.us/upload/page/0213/docs/2026/Primaries/FULL PCTbyPCT_Rep Primary Unofficial_030326.pdf,,,n,,,"Seed URL works. No Clarity site (elections.json 404). The Election Results page posts Electionware summary and precinct-by-precinct ('PCTbyPCT') reports in several stages (Unofficial, Final Unofficial, Official). For both 2026 elections the unofficial precinct-by-precinct reports were uploaded after election night: primary PCTbyPCT created 10:51 PM CST election night but uploaded 9:47 AM CST Mar 4; runoff PCTbyPCT created 3:51 PM CDT May 28 and uploaded May 29. Election-night summary files (e.g. 'Unofficial_REP Primary Runoff_05262026.pdf', 'Summary Results_REP Primary_030326.pdf') were not opened. 2024 general: the earliest precinct file present is 'FinalPCTbyPCT11052024.pdf' (FINAL UNOFFICIAL RESULTS, created and uploaded Nov 13, 2024); the name implies earlier versions that are no longer posted, so the 2024 general is left UNDETERMINED (check 3 pending; wayback-data branch not found on origin). Rule 43 applied 2026-10-02 (normalize-1): 2026_primary LATER to UNDETERMINED; 2026_runoff LATER to UNDETERMINED. Contact from TX SOS county election officials list (page sha256 065e1ebd63c5)."
Calhoun,COUNTY_ONLY_PRECINCT_AT_CANVASS,low,(361) 553-4440,mary.orta@calhouncotx.org,https://www.calhouncotx.org/calhoun-county-elections/,county_pdfs,www.calhouncotx.org,https://www.calhouncotx.org/wp-content/uploads/2024/11/11-05-24-General-Election-Pct-by-Pct-Report-Pct-by-Pct.pdf,,,n,,,"Seed URL works. No Clarity site (elections.json 404). The county posts per-election information pages. 2024 general: election-night file is a scanned Electionware county Summary (printed 10:20 PM, uploaded 10:56 PM CST); the unofficial precinct report ('General Election Summary by Precinct') was printed 1:26 PM and uploaded 1:35 PM CST on Nov 6. The '2026 primary' page (titled 'March 5, 2026 Primary Election Information') lists only a Notice of Canvass, no results. The May 26, 2026 runoff page lists only official results files. Check 3 pending for the 2026 primary and runoff (wayback-data branch not found on origin). Contact from TX SOS county election officials list (page sha256 065e1ebd63c5)."
Callahan,COUNTY_ONLY_PRECINCT_AT_CANVASS,med,(325) 854-5815,clerk.info@callahancounty.org,https://www.callahancounty.org/page/callahan.Election,county_pdfs,www.callahancounty.org,https://newtools.cira.state.tx.us/upload/page/5118/3-3-2026/Cumulative%20Results-3-3-2026%2009-46-42%20PM.pdf,,,n,,,"Seed host www.co.callahan.tx.us is unreachable (robots.txt fetch: connection reset). One web search located the current site www.callahancounty.org; its Election page links files hosted on newtools.cira.state.tx.us (the county site platform host). No Clarity site (elections.json 404). For the 2024 general and 2026 primary the election-night file is a Hart Cumulative Results Report (county totals) uploaded on election night; precinct results appear only in post-canvass 'Precinct Results' files (11-19-2024, 3-10-2026). The 2026 runoff lists only files run 6-2-2026 (Cumulative, Precinct Results) and reconciliations, so its election night cannot be decided; check 3 pending (wayback-data branch not found on origin). Contact from TX SOS county election officials list (page sha256 065e1ebd63c5)."
Cameron,COUNTY_ONLY_PRECINCT_AT_CANVASS,low,(956) 544-0809,remi.garza@co.cameron.tx.us,https://www.cameroncountytx.gov/elections/wp-content/enr/,vendor_hosted,www.livevoterturnout.com,https://www.livevoterturnout.com/ENR/camerontxenr/43/en/Index_43.html,,,n,,,"Seed URL works. No Clarity site (elections.json 404). Election-night results are on a livevoterturnout.com ENR site linked from the county page wp-content/enr/ ('Unofficial Election Day results from polling locations will be updated throughout the night'); for the May 26, 2026 runoff the links are ENR IDs 43 (Republican) and 44 (Democratic). The ENR shows only the final state ('Website Updated: 5/26/2026 10:02:55 PM'), with no readable update history, and breaks results down by vote center ('precinctLabel = ""Vote Centers""', 'Total Precincts 32' relabeled 'Total Vote Centers'), not by election precinct. Precinct-by-precinct reports are posted on the county Results page only after canvass (runoff files in wp-content/uploads/2026/06; primary 'Precinct Result 031126'). The ENR IDs for the 2026 primary and 2024 general are no longer linked and were not probed; check 3 pending for those (wayback-data branch not found on origin). Contact from TX SOS county election officials list (page sha256 065e1ebd63c5)."
Camp,COUNTY_ONLY_PRECINCT_AT_CANVASS,med,(903) 856-2731,sandra.knight@co.camp.tx.us,https://www.co.camp.tx.us/page/camp.Elections,county_pdfs,www.co.camp.tx.us,https://www.co.camp.tx.us/upload/page/3384/2026/Primary Election/RESULTS/UNOFFICAL FINAL RESULTS.pdf,,,n,,,"Seed URL works over https. No Clarity site (elections.json 404). The Election Information page posts one unofficial county-totals file per election (Electionware 'Summary Results Report' or the SOS 'Election Unofficial Results Report') and later official canvass reports; no unofficial precinct-level report is posted for any target election, and the 2024 general has no precinct-level file at all (the 'Official Canvass Precinct Summary' on the page belongs to the Nov 4, 2025 election). 2024 general and 2026 primary unofficial files were printed and uploaded on election night; the 2026 runoff unofficial file (printed 8:54 PM) was uploaded May 28. Contact from TX SOS county election officials list (page sha256 065e1ebd63c5)."
Carson,COUNTY_ONLY_PRECINCT_AT_CANVASS,low,(806) 641-1759,elections@co.carson.tx.us,https://www.co.carson.tx.us/page/carson.Elections,county_pdfs,www.co.carson.tx.us,https://www.co.carson.tx.us/upload/page/1423/2026/2026%20May%2026/ELECTION-UNOFFICIAL-RESULT-REPORT_94037_1779847152460.pdf,,,n,,,"Seed URL http://www.co.carson.tx.us/default.aspx?Carson_County/Home returned 403; https://www.co.carson.tx.us/ works and links the elections page. No Clarity or other vendor link found. Carson posts PDFs on its elections page; Last-Modified headers vary per file and look like real upload times. For the 2024 general and 2026 primary only official grand-total files remain, so election night cannot be judged (check 3 pending; wayback-data branch not on origin). The 'Preliminary Election Reconciliation' PDF (Last-Modified 2026-06-01) has no candidate numbers. Contact from TX SOS county election officials list (page sha256 065e1ebd63c5)."
Cass,COUNTY_ONLY_PRECINCT_AT_CANVASS,low,(903) 756-5071,amy.countyclerk@casscountytx.org,https://www.co.cass.tx.us/page/cass.Elections,county_pdfs,www.co.cass.tx.us,https://www.co.cass.tx.us/upload/page/1176/Precinct%20Results-3-6-2026%2008-07-21%20AM.pdf,,,n,,,"Seed URL http://www.co.cass.tx.us/default.aspx?Cass_County/Elections replaced by https://www.co.cass.tx.us/page/cass.Elections (County Clerk). Older files are linked on newtools.cira.state.tx.us (same CIRA hosting). No Clarity or vendor results site found. Last-Modified headers differ per file and look like real upload times. Two scanned PDFs (2024 unofficial, runoff Rep) were read visually from rendered images. Precinct-by-precinct files are posted days after each election; no election-night precinct numbers found for any of the three. No upload on any election night was found, so confidence stays low. Check 3 pending (wayback-data branch not on origin). Rule 43 applied 2026-10-02 (normalize-1): 2024_general LATER to UNDETERMINED; 2026_primary LATER to UNDETERMINED. Contact from TX SOS county election officials list (page sha256 065e1ebd63c5)."
Castro,UNKNOWN,low,(806) 647-2208,tsims@castrocounty.org,https://www.co.castro.tx.us/page/castro.Elections,sos_feed_only,www.co.castro.tx.us,https://www.co.castro.tx.us/page/castro.Elections,,,n,,,"Seed http://www.co.castro.tx.us/ moved to https; site has 'Elections' and 'Elections Administrator' pages (the latter has no files). No Clarity or other vendor link found. The NONE results rest on the absence of any results file on a page that does keep other files from the same 2026 elections (rosters, hand count audits); it is possible results were posted and later removed, so confidence is low. Check 3 pending (wayback-data branch not on origin). Rule 43 applied 2026-10-02 (normalize-1): 2026_primary NONE to UNDETERMINED; 2026_runoff NONE to UNDETERMINED. Contact from TX SOS county election officials list (page sha256 065e1ebd63c5)."
Chambers,PRECINCT_END_OF_NIGHT,med,(409) 267-2418,hhawthorne@chamberstx.gov,https://chamberscountytx.gov/503/Current-Elections,county_pdfs,chamberscountytx.gov,https://chamberscountytx.gov/DocumentCenter/View/7136/ED-Precinct-Results-with-Aliases-5-26-2026---Unofficial-WM-PDF,,2024-11-05 22:01 CT,n,,,"Seed http://co.chambers.tx.us/default.aspx?name=elections gives 404 and www.co.chambers.tx.us gives 403. One web search found the county site chamberscountytx.gov (CivicPlus). The www.chamberscountytx.gov host was refused by the fetch module (its robots.txt fetch was reset, which counts as disallow); the bare host chamberscountytx.gov served normally. No Clarity or vendor site found. Reports are Hart-style PDFs in EV and ED sets (Canvass, Cumulative, Precinct). DocumentCenter sends no Last-Modified, so there is no server upload time; times used are printed run times and PDF CreationDate. 2026 primary undetermined (check 3 pending; wayback-data branch not on origin). Rule 47 applied 2026-10-02 (normalize-47): confidence low to med by compute_confidence (no result changed). Contact from TX SOS county election officials list (page sha256 065e1ebd63c5)."
Cherokee,UNKNOWN,low,(903) 683-8409,ea@cocherokee.org,https://www.co.cherokee.tx.us/ips/cms/othercountyoffices/elections.html,county_pdfs,www.co.cherokee.tx.us,https://www.co.cherokee.tx.us/ips/cms/othercountyoffices/2026-05/05-26-26%20OFFICIAL%20TOTALS-Precinct%20Results.pdf,,,n,,,"Verifier disagreement: research tag COUNTY_ONLY_PRECINCT_AT_CANVASS, verifier tag UNKNOWN; set to UNKNOWN per rule. Seed elections page works over https. No Clarity or vendor site found. The county posts Hart PDF reports (Cumulative and Precinct) on its OpenCms site; link hrefs use backslashes, fetched with forward slashes. Last-Modified headers vary per file and look like real upload times. The 8:40 PM runoff cumulative file returned 403, so its content was not read; its county-total nature is inferred from its 'Cumulative Results' name and is supported by the absence of any election-night precinct file. 2024 general undetermined (check 3 pending; wayback-data branch not on origin). Rule 43 applied 2026-10-02 (normalize-1): 2026_primary LATER to UNDETERMINED. Targeted pass 3 2026-10-02 (targeted3-D): no election changed. Verifier disagreement on 2026_runoff not resolved by new evidence; the runoff record is left as the research wrote it. Tried: (1) the commented-out night links on elections.html at their linked paths and in the 2026-05 and 2024-11 folders: 'EV AND ABSENTEE Cumulative Results-5-26-2026.pdf' (root and 2026-05), '11-05-24 Unofficial FINAL Cumulative - All reporting.pdf' (root and 2024-11) and 'prelim reconcile 05-26-26.pdf' return HTTP 403; '2026-05/8 of 8 locations Cumulative Results-5-26-2026.pdf' redirects to the county home page (index.html), not a PDF. So the 8:40 PM runoff file still cannot be opened and no printed run time or upload time for it exists. (2) archive.org/wayback/available: no snapshot of the 8 of 8 file; elections.html only at 20260526203722 (3:37 PM CDT May 26, before polls closed; replay host unreachable). (3) wayback-data harvest: zero captures for all three elections. (4) Check 4: Cherokeean Herald 'March 3, 2026, primary results - Cherokee County, Texas' (dated March 04, 2026) says 'Complete but unofficial results, with 16 of 16 Cherokee County precincts reporting, were posted by the Cherokee County Election Department as of 9:33 p.m. Tuesday' and gives county percentages only (lead, not a county file); the runoff preview has no results. Sweep pending. Contact from TX SOS county election officials list (page sha256 065e1ebd63c5)."
Childress,COUNTY_ONLY_PRECINCT_AT_CANVASS,low,(940) 937-6144,elections@childresstx.us,https://www.childresstx.us/,county_pdfs,www.childresstx.us,https://www.childresstx.us/rails/active_storage/blobs/eyJfcmFpbHMiOnsibWVzc2FnZSI6IkJBaHBBaG9EIiwiZXhwIjpudWxsLCJwdXIiOiJibG9iX2lkIn19--8d2e4d75c5b35a1884573306d33a53724b2b121f/PCT%20X%20PCT%20PART%201.pdf,,,n,,,"No seed website in the SOS list; one web search found www.childresstx.us. No Clarity or vendor site found. Files are Rails active_storage blobs served from the county host; Last-Modified values differ per file and match plausible upload dates. The precinct PDF is a scan (no text layer); its content was identified by page title and file name 'PCT X PCT PART 1/2'. The runoff NONE rests on absence of any results file on both runoff pages; results could have been posted elsewhere and removed. 2024 general undetermined (check 3 pending; wayback-data branch not on origin). Rule 43 applied 2026-10-02 (normalize-1): 2026_runoff NONE to UNDETERMINED. Rule 43 applied 2026-10-02 (normalize-3): 2026_primary LATER kept, county_totals_first_seen 2026-03-04 00:09 CT. Contact from TX SOS county election officials list (page sha256 065e1ebd63c5)."
Clay,UNKNOWN,low,(940) 264-8683,Amy.Martin@co.clay.tx.us,https://www.claycountytx.net/electionsadmin,clarity_style,results.enr.clarityelections.com,https://results.enr.clarityelections.com/TX/Clay/122307/,,2024-11-05 19:08 CT,n,,,"Seed https://www.claycountytx.net/ works (Wix site). Clay used Clarity through Nov 2025 (links on the page for 2024 general and 2025 elections) but for the 2026 primary posted scanned PDFs on its own site; Clarity's elections.json does not list 2026 elections. Wix file Last-Modified values sit minutes after PDF CreationDate, consistent with real upload times. The 2026 primary LATER rests on files currently posted; an election-night file that was later removed cannot be ruled out. 2026 runoff undetermined (check 3 pending; wayback-data branch not on origin). Rule 43 applied 2026-10-02 (normalize-1): 2026_primary LATER kept, county_totals_first_seen 2026-03-03 22:06 CT. Contact from TX SOS county election officials list (page sha256 065e1ebd63c5)."
Cochran,PRECINCT_END_OF_NIGHT,med,(806) 266-5181,cheryl.butler@co.cochran.tx.us,https://www.co.cochran.tx.us/page/cochran.Elections,county_pdfs,www.co.cochran.tx.us,https://www.co.cochran.tx.us/upload/page/1499/2026%20MAY%2026TH%20REPUBLICAN%20PRIMARY%20RUNOFF%20ELECITON%20-%20UNOFFICIAL%20RESULTS.pdf,,2026-03-04 00:27 CT,n,,,"Seed http://www.co.cochran.tx.us/default.aspx?Cochran_County/Elections replaced by https://www.co.cochran.tx.us/page/cochran.Elections; older files on newtools.cira.state.tx.us. No Clarity or vendor site. Results are tally sheets by voting box (BOX 101, 202, 303, 306, 404; EV and BBM are county-level columns), scanned. Last-Modified values differ per file and look like real upload times. The 2026 files are scanner PDFs with no CreationDate and no printed run time, so only server upload times are available; confidence low under the rule. Only the Republican files were read; Democratic files are listed alongside. Check 3 pending (wayback-data branch not on origin). Rule 43 applied 2026-10-02 (normalize-1): 2024_general LATER to UNDETERMINED. Rule 47 applied 2026-10-02 (normalize-47): none. Contact from TX SOS county election officials list (page sha256 065e1ebd63c5)."
Coke,COUNTY_ONLY_PRECINCT_AT_CANVASS,med,(325) 453-2631,Carolla.orcutt@co.coke.tx.us,https://www.co.coke.tx.us/page/coke.Elections,county_pdfs,www.co.coke.tx.us,https://www.co.coke.tx.us/upload/page/0177/RUNOFF%20UNOFFICIAL%20RESULTS%202026.pdf,,,n,,,"Seed http://www.co.coke.tx.us/ works over https. No Clarity or vendor site; page also links the SOS 'Texas Election Night Reporting'. All three election-night files are scanned Hart cumulative (county total) reports, read visually; Last-Modified values differ per file and match the PDF scan times. Precinct-level reports were not found for these elections (the county posted a 'PRECINCT RESULTS REPORT-OFFICIAL TOTALS' only for Nov 2025). Official result files posted after the canvass were not opened. 2024 run time vs upload time mismatch noted in that election's fact. Contact from TX SOS county election officials list (page sha256 065e1ebd63c5)."
Coleman,UNKNOWN,low,(325) 625-2889,cclerk@web-access.net,https://www.co.coleman.tx.us/page/coleman.Elections,unknown,www.co.coleman.tx.us,,,,n,,,"Seed http://www.co.coleman.tx.us/default.aspx?Coleman_County/Elections; https://www.co.coleman.tx.us/page/coleman.Elections, page/Elections, page/Election.CurrentLocal, page/Election.Day.Info, page/Election.PublicNotices and page/Current%20ELection%20-%20Local all returned HTTP 200 with the same Home page body (content hash a0f2703b...), so check 2 failed. One web search found the same URLs; its summary claims official and precinct results are posted there, which could not be verified. No Clarity or vendor link found. Check 3 pending (wayback-data branch not on origin). Contact from TX SOS county election officials list (page sha256 065e1ebd63c5)."
Collin,PRECINCT_END_OF_NIGHT,low,(972) 547-1990,kbreaux@collincountytx.gov,https://www.collincountytx.gov/elections/election-results,county_pdfs,www.collincountytx.gov,"https://web.archive.org/web/20241106132230id_/https://www.collincountytx.gov/Elections/ElectionResults/November%205,%202024%20Statement%20of%20Votes%20Cast--Unofficial%20Final.pdf",20241106132230,2024-11-06 01:18 CT,n,,,"Seed https://www.collincountytx.gov/elections works. No Clarity site (clarity script: 'no Clarity election list (404)'). The Election Results page says the county publishes unofficial results from its tabulation system on that page: early voting at 7 p.m., updates from 8:30 p.m. at half-hour intervals; it does not say whether election-night results are by precinct. Apart from a 2024 early-ballot totals file and a write-in summary, only official files remain, so election night cannot be judged from the live site. Check 3 pending (wayback-data branch not on origin). Targeted pass 2026-10-02 (targeted-Collin): no election changed; all three stay UNDETERMINED. Tried: (1) main Wayback harvest phase1/wayback_snapshots/Collin: 23 saved 2024 election-night captures, none of a results page (the 20:26 CST capture of /Elections/live is the Election Livestreams video page; the rest are absentee, default and info pages with no results content); 0 captures for the 2026 primary; 1 runoff capture (voter-registration page, 23:27 CDT) with no results content. (2) phase1/targeted/archives/Collin and phase1/targeted/wayback/Collin: not on the wayback-data branch as of the last fetch (batch 3), so the extended check 3 is still pending. (3) Wayback CDX query through the fetch module: refused (robots_disallowed_or_unreachable). (4) Current results page source: plain Sitefinity PDF/CSV links, no JSON/XML data feed; page text says 'The time of the latest returns will appear in the bottom left corner of the result page'. (5) Site-restricted web searches located election-night file names that are now 404: 'March 3, 2026 Primary Election Early Voting Summary Report.pdf' (/Elections/ElectionResults/), 'may-26-2026---primary-runoff-election---early-voting-summary-report.pdf' and 'may-26-2026---primary-runoff-election---election-night-summary-report---unofficial-final.pdf' (/docs/default-source/elections/election-results/); search text is not evidence and no unofficial election-night precinct report name was found for any of the three elections (lead: election-night postings appear to be summary reports). (6) County ArcGIS Election_Department map service: boundary layers only, no results. (7) Check 4: Community Impact Nov 5 2024 roundup (posted 7:29 p.m. Nov 5, updated 6:41 a.m. Nov 6) shows county totals only; Murphy Monitor (Star Local Media) Nov 6 2024 shows county totals only; FOX 4 May 26 2026 live page embeds media.foxtv.com/kdfw/elections/Collin.html with race totals and precincts-reporting only; searches for Dallas Morning News or KERA precinct maps found none. No per-precinct candidate numbers with an election-night time were found. Targeted pass 2 (2026-10-02, orchestrator, pdf-probe on GitHub Actions): 2024 general settled as END from the archived Statement of Votes Cast--Unofficial Final (DECISIONS 58, 59). Verifier-8 (agree) corrections applied: 2024 check label set to 2; check 3 is no longer pending; the main harvest lists 24 election-night 2024 captures (21 saved, 3 replays failed) and the targeted harvest 35, none of a results page. Contact from TX SOS county election officials list (page sha256 065e1ebd63c5)."
Collingsworth,COUNTY_ONLY_PRECINCT_AT_CANVASS,med,(806) 447-2408,collingsworthclerk@co.collingsworth.tx.us,https://www.co.collingsworth.tx.us/page/collingsworth.Elections,county_pdfs,www.co.collingsworth.tx.us,https://www.co.collingsworth.tx.us/upload/page/8109/Republican%20Primary%20Runoff%20Unofficial%20Results%20Report%20May%2026%202026.pdf,,,n,,,Seed http://www.co.collingsworth.tx.us/ was first refused by the fetch module (robots.txt fetch reset during a proxy relay problem); after the 10-minute robots retry window the https elections page loaded normally. No Clarity or vendor link. The county posts scanned SOS 'Election Unofficial Results Report' PDFs (county totals by vote method) and no precinct-level results for these elections. Last-Modified values differ per file and look like real upload times. 2026 primary undetermined (check 3 pending; wayback-data branch not on origin). Contact from TX SOS county election officials list (page sha256 065e1ebd63c5).
Colorado,UNKNOWN,low,(979) 732-6860,elections@co.colorado.tx.us,https://www.co.colorado.tx.us/page/colorado.Elections,county_pdfs,www.co.colorado.tx.us,https://www.co.colorado.tx.us/upload/page/6210/26-05-26/Unofficial%20Results.pdf,,2026-05-26 21:02 CT,n,,,"Seed http://www.co.colorado.tx.us/default.aspx?Colorado_County/County.Clerk replaced by https://www.co.colorado.tx.us/page/colorado.Elections. No Clarity or vendor site; page links the SOS 'Texas Election Night Reporting/Results'. Electionware PDFs (some scanned, OCR text) posted on the county site; Last-Modified values differ per file and sit minutes after PDF ModDate, consistent with real upload times. Method differed between the primary (county summary on election night, precinct file next morning) and the runoff (precinct pages in the election-night file). 2024 general undetermined (check 3 pending; wayback-data branch not on origin). Rule 47 applied 2026-10-02 (normalize-47): none. Contact from TX SOS county election officials list (page sha256 065e1ebd63c5)."
Comal,LIVE_PRECINCT,low,(830) 221-1352,cjaqua@comalcounty.gov,https://www.comalcounty.gov/973/Past-Election-Results,clarity_style,app.enhancedvoting.com,https://results.enr.clarityelections.com/TX/Comal/122856/352165/reports/detailxml.zip,,2024-11-05 19:55 CT,n,,,"Seed URL co.comal.tx.us/Elections.htm now redirects to comalcounty.gov; its Elections and Voter Registration page (193) links 'Election Results' to results.enr.clarityelections.com/TX/Comal/ and 'Past Election Results' (973). The 2024 general is on Clarity (EID 122856), read by phase1.clarity_timeline (9 of 15 versions 404, all before election day). From 2026 the county uses Enhanced Voting (app.enhancedvoting.com/results/public/comal-county-tx/...), which exposes only the current state through its public API (/results/public/api/elections/comal-county-tx/<election>: primary lastUpdated 2026-03-13T16:35:48Z isOfficialResults true; runoff lastUpdated 2026-06-04T22:19:29Z) and no dated update history, so check 1 cannot read election night for 2026. No county-posted election-night reports for 2026 were found on comalcounty.gov. 2026 primary and runoff are UNDETERMINED pending check 3 (wayback-data branch not found on origin). The current Enhanced Voting settings show precinctResultsProtected false and hidePrecincts false, but that is the post-canvass state, not election night. Contact from TX SOS county election officials list (page sha256 065e1ebd63c5)."
Comanche,COUNTY_ONLY_PRECINCT_AT_CANVASS,med,325-356-4005 Phone,elections@comanchecountytx.gov,https://www.comanchecountytx.gov/252/2026-May-26th-Primary-Runoff-Election,county_pdfs,www.comanchecountytx.gov,https://www.comanchecountytx.gov/DocumentCenter/View/1653,,,n,,,"No seed website in the SOS list; one web search found www.comanchecountytx.gov (CivicPlus) and the older newtools.cira.state.tx.us pages. No Clarity or vendor site found. Reports are Hart PDFs (Cumulative and Precinct Results). The DocumentCenter server sets Last-Modified to the request time (Fri, 02 Oct 2026), so it gives no upload evidence; times used are printed run times (PDF CreationDate agrees, e.g. runoff cumulative 2026-05-27 01:42:16 UTC). Pattern also seen in 2024 primary and runoff archive file names (Cumulative Results on election night, Precinct Results days later). 2024 general undetermined (check 3 pending; wayback-data branch not on origin). Contact from TX SOS county election officials list (page sha256 065e1ebd63c5)."
Concho,UNKNOWN,low,(325) 732-4322,ahall@co.concho.tx.us,https://www.co.concho.tx.us/page/concho.Elections,unknown,www.co.concho.tx.us,,,,n,,,"Seed http://www.co.concho.tx.us/default.aspx?Concho_County/Elections replaced by https://www.co.concho.tx.us/page/concho.Elections. No Clarity or vendor link, and no results files for 2024 or 2026 on the Elections or County Clerk pages. Because the page holds only current-cycle items, NONE cannot be inferred. Check 3 pending (wayback-data branch not on origin). Contact from TX SOS county election officials list (page sha256 065e1ebd63c5)."
Cooke,PRECINCT_END_OF_NIGHT,med,(940) 668-5420,pam.harrison@co.cooke.tx.us,https://www.co.cooke.tx.us/page/cooke.elections,county_pdfs,newtools.cira.state.tx.us,https://newtools.cira.state.tx.us/upload/page/3107/docs/2026/March3/2026PrimaryPctbyPctResultsUnofficial.pdf,,2026-03-03 21:37 CT,n,,,"Seed http://www.co.cooke.tx.us/page/cooke.elections works over https; files are hosted on newtools.cira.state.tx.us (CIRA) and www.co.cooke.tx.us. No Clarity or vendor site; page links SOS results. Last-Modified values differ per file and look like real upload times. Each 2026 election has an Early Voting unofficial file, one election-night precinct-by-precinct unofficial file, and later official files. 2024 general undetermined (check 3 pending; wayback-data branch not on origin). Rule 47 applied 2026-10-02 (normalize-47): none. Contact from TX SOS county election officials list (page sha256 065e1ebd63c5)."
Coryell,PRECINCT_END_OF_NIGHT,med,(254) 248-3175,tac@coryelltax.com,https://coryellcountytax.com/results-previous-elections/,county_pdfs,coryellcountytax.com,https://coryellcountytax.com/wp-content/uploads/2026/05/final-unoff-pct-rep.pdf,,2024-11-05 21:41 CT,n,,,"Elections are run by the Tax Assessor-Collector; seed http://www.coryellcountytax.com/ leads to https://coryellcountytax.com/elections/ and 'Results - Previous Elections'. No Clarity or vendor link. Only official Hart reports (cumulative and precinct) are kept for the three elections, so election-night publishing cannot be judged from the live site. Check 3 pending (wayback-data branch not on origin). Targeted pass 3 2026-10-02 (targeted3-B): new angle, the county WordPress site's public media library (wp-json/wp/v2/media filtered by date) lists every upload with its time, including election-night files no longer linked from the results pages. All three elections now END by check 2: county totals (Cumulative) posted from about 7 PM, then one Unofficial Precinct Results Report with the final count, printed and uploaded on election night (2024 general 9:15 PM printed / 9:41 PM uploaded; 2026 primary 9:52 PM / 10:32 PM; 2026 runoff 8:34 PM / 8:58 PM). Upload times agree between the media library date and the file's Last-Modified header. PDF CreationDate runs about 3 to 4 minutes ahead of the web server clock (for example rep-1.pdf created 01:08 UTC, uploaded 01:04 UTC), so printed times are taken from the report text. Wayback check 3 for coryellcountytax.com found 0 captures; sweep pending. Contact from TX SOS county election officials list (page sha256 065e1ebd63c5)."
Cottle,UNKNOWN,low,(806) 492-3823,dcclerk@co.cottle.tx.us,https://www.co.cottle.tx.us/page/Elections.2026,unknown,www.co.cottle.tx.us,,,,n,,,"Seed http://www.co.cottle.tx.us/ works over https and its menu links 'Elections - Home', '2026 Elections' (page/Elections.2026) and 'Past Elections' (page/Elections.Archive), but those pages returned HTTP 200 with the Home page body, so check 2 failed (same behavior seen on Coleman's site on the same platform). No Clarity or vendor link found. Check 3 pending (wayback-data branch not on origin). Contact from TX SOS county election officials list (page sha256 065e1ebd63c5)."
Crane,COUNTY_ONLY_PRECINCT_AT_CANVASS,med,(432) 558-3581,coclerk@co.crane.tx.us,https://www.co.crane.tx.us/page/crane.Election.Results,county_pdfs,www.co.crane.tx.us,https://www.co.crane.tx.us/upload/page/1153/2026%20MARCH%203%20UNOFFICIAL%20RESULTS.pdf,,,n,,,"Seed http://www.co.crane.tx.us/ works over https (first attempts were refused by the fetch module after a robots.txt connection reset during proxy relay failures; it loaded after the retry window). Results are on page/crane.Election.Results. No Clarity or vendor link. Only Electionware county-total summary reports are posted; no precinct-level results. Last-Modified values differ per file and look like real upload times; printed footer times disagree with upload times (noted per election), but all fall on election night. 2026 runoff undetermined (check 3 pending; wayback-data branch not on origin). Contact from TX SOS county election officials list (page sha256 065e1ebd63c5)."
Crockett,UNKNOWN,low,(325) 392-2022,ninfa.preddy@co.crockett.tx.us,https://www.co.crockett.tx.us/page/crockett.Elections,county_pdfs,www.co.crockett.tx.us,,,,n,,,"No seed website in the SOS list; one web search found https://www.co.crockett.tx.us/page/crockett.Elections (first fetches were refused after a robots.txt connection reset during proxy relay failures; it loaded after the retry window). No Clarity or vendor link. The county posts scanned county-total unofficial results the morning after each 2026 election and no precinct-level results; with no election-night upload, the checks cannot say what was available on election night. Check 3 pending (wayback-data branch not on origin). Contact from TX SOS county election officials list (page sha256 065e1ebd63c5)."
Crosby,UNKNOWN,low,(806) 675-2334,countyclerk1@crosbycountytx.com,https://www.co.crosby.tx.us/page/crosby.Elections,county_pdfs,www.co.crosby.tx.us,,,,n,,,"Seed http://www.co.crosby.tx.us/ works over https. No Clarity or vendor link. The only 2026 results file is an official county-total cumulative report posted May 29, 2026; no precinct results and no runoff or 2024 general results are posted. Nothing shows what was posted on election night, so all three are undetermined. Check 3 pending (wayback-data branch not on origin). Contact from TX SOS county election officials list (page sha256 065e1ebd63c5)."
Culberson,COUNTY_ONLY_PRECINCT_AT_CANVASS,med,(432) 283-2058,Tina.Urias@co.culberson.tx.us,https://www.co.culberson.tx.us/page/Elections%202026,county_pdfs,www.co.culberson.tx.us,https://www.co.culberson.tx.us/upload/page/0111/2026/May%2026%20Run%20Off/Primary%20Runoff%20Election%20Results.pdf,,,n,,,"Seed http://www.co.culberson.tx.us/ works over https; election pages are 'Elections 2026' and 'Elections 2019-2025'. No Clarity or vendor link. Election-night files are scanned Hart cumulative (county total) reports, read visually; Last-Modified values differ per file and follow PDF scan times. Culberson is treated as Central time (the brief names only Hudspeth and El Paso as Mountain). No precinct-level results are posted for these elections. 2026 primary undetermined (check 3 pending; wayback-data branch not on origin). Contact from TX SOS county election officials list (page sha256 065e1ebd63c5)."
Dallam,UNKNOWN,low,(806) 244-4751,clerk@dallam.org,https://www.dallam.org/vote/,unknown,www.dallam.org,,,,n,,,"Seed http://www.dallam.org/vote/ works over https. No Clarity or vendor link. The voting page's 'Election Results' link points to the SOS historical results page and no county-posted results were found, which suggests SOS-only reporting (NONE), but the page holds only current-cycle items so this cannot be confirmed per election. Check 3 pending (wayback-data branch not on origin). Contact from TX SOS county election officials list (page sha256 065e1ebd63c5)."
Dallas,LIVE_PRECINCT,high,(469) 627-8683,Paul.Adams@DallasCounty.org,https://www.dallascountyvotes.org/election-results/,clarity_style,results.enr.clarityelections.com,https://results.enr.clarityelections.com/TX/Dallas/126270/372964/reports/detailxml.zip,,2026-03-03 20:53 CT,n,,,"County site www.dallascountyvotes.org (http and https, results pages and PDF uploads) answered the fetch module with HTTP 403 (http) or HTTP 202 with an empty body (https), so check 2 could not read any page, report list, or Last-Modified header. Web search (locating only) showed PDF titles under dallascountyvotes.org/wp-content/uploads such as 'Summary Results Report General Joint November 5, 2024 Upload 6' and 'Summary Results Report Democratic Party Primary March 3, 2026 Upload 3', but these could not be fetched and search text is not evidence. Clarity elections.json for Dallas lists only '2026 Republican Primary Runoff' (5/26/2026) and '2026 Joint and Special Runoff' (6/13/2026); 2024 general and 2026 primary are not on Clarity. No Democratic runoff listing was found on Clarity. Runoff: the 6:29 PM CDT pre-night update had early-vote-only precinct numbers (697 precincts); election-day precinct votes appear from 8:16 PM. 3 runoff versions returned HTTP 404. Check 3 (wayback-data branch): no 2024 general election-night captures; the one 2026 primary capture (ENR page, 2026-03-03 19:59:54 CST) has no vote numbers, so both stay UNDETERMINED. That capture links Clarity IDs 126006 (Democratic) and 126007 (Republican) from the county's own page, so check 1 can be rerun with --eid for the 2026 primary (not done here). check 3 applied 2026-10-02 (agent check3-pilot). 2026 primary decided by check 1 (orchestrator, 2026-10-02) using election IDs found on the archived county ENR page. Contact from TX SOS county election officials list (page sha256 065e1ebd63c5)."
Dawson,UNKNOWN,low,(806) 329-3323,electionsadministrator@co.dawson.tx.us,https://www.co.dawson.tx.us/page/dawson.Election.Information,county_pdfs,www.co.dawson.tx.us,https://www.co.dawson.tx.us/upload/page/1590/2026/20260526215018.pdf,,2026-05-26 21:54 CT,n,,,"Seed http://www.co.dawson.tx.us/ works over https; results are on page/dawson.Election.Information. No Clarity or vendor link. Files are scanned Hart reports named by scanner timestamp; Last-Modified values differ per file and look like real upload times (the 2024 'UNOFFICIAL TOTALS' Last-Modified is the next afternoon, later than its scan time, possibly a re-upload). The county posted only county totals for the 2024 general but per-precinct unofficial reports on runoff night. 2026 primary undetermined (check 3 pending; wayback-data branch not on origin). Rule 47 applied 2026-10-02 (normalize-47): none. Contact from TX SOS county election officials list (page sha256 065e1ebd63c5)."
DeWitt,PRECINCT_END_OF_NIGHT,low,(361) 275-0859,Deidra.McCollum@dwcotx.org,https://www.co.dewitt.tx.us/page/Elections,county_pdfs,www.co.dewitt.tx.us,"https://www.co.dewitt.tx.us/upload/page/0091/May%2026,%202026%20Primary%20Runoff/Precinct%20Results-5-26-2026%2008-33-22%20PM%20ED%20PRCT%20REPORT.pdf",,2026-05-26 20:42 CT,n,,,"Seed http://www.co.dewitt.tx.us/ works over https (first attempts were refused after a robots.txt connection reset during proxy relay failures; it loaded after the retry window). No Clarity or vendor link; page links the SOS 'Texas Election Results'. Hart reports; file names carry the tabulator export time. Last-Modified values differ per file and look like real upload times. The May 2, 2026 school election shows the same pattern (unofficial precinct report printed 8:06 PM on election night). 2024 general and 2026 primary undetermined (check 3 pending; wayback-data branch not on origin). Rule 47 applied 2026-10-02 (normalize-47): none. Contact from TX SOS county election officials list (page sha256 065e1ebd63c5)."
Deaf Smith,COUNTY_ONLY_PRECINCT_AT_CANVASS,low,(806) 363-7077,rgarman@deafsmithcounty.texas.gov,https://www.co.deaf-smith.tx.us/page/deafsmith.County.Clerk,county_pdfs,www.co.deaf-smith.tx.us,https://www.co.deaf-smith.tx.us/upload/page/8035/Cumulative%20Results-3-3-2026%2007-52-39%20PM.pdf,,,n,,,"Seed http://www.co.deaf-smith.tx.us/default.aspx?Deaf-Smith_County/County.Clerk replaced by https://www.co.deaf-smith.tx.us/page/deafsmith.County.Clerk, where election files are posted (the 'Election Administrator' page has none). No Clarity or vendor link. Only Hart cumulative (county total) reports are posted; no precinct-level results for any listed election. Last-Modified values differ per file and look like real upload times. 2024 general and 2026 runoff undetermined (check 3 pending; wayback-data branch not on origin). Contact from TX SOS county election officials list (page sha256 065e1ebd63c5)."
Delta,UNKNOWN,low,(903) 395-9302,gcrabb@deltacountytx.com,https://www.deltacountytx.com/elections/page/election-results,unknown,www.deltacountytx.com,,,,n,,,"Seed https://www.deltacountytx.com/ returns HTTP 403 (bot protection); one web search found the results page https://www.deltacountytx.com/elections/page/election-results, which also returns 403. Not worked around, per brief. No vendor site found. Check 3 pending (wayback-data branch not on origin). Contact from TX SOS county election officials list (page sha256 065e1ebd63c5)."
Denton,LIVE_PRECINCT,high,(940) 349-3200,elections@dentoncounty.gov,https://results.enr.clarityelections.com/TX/Denton/,clarity_style,results.enr.clarityelections.com,https://results.enr.clarityelections.com/TX/Denton/126053/,,2024-11-05 20:57 CT,n,,,"Seed https://www.dentoncounty.gov/; the elections site www.votedenton.gov returned an empty HTTP 202 (bot protection), so county-page links could not be read and were not worked around. Denton's Clarity elections.json lists all three elections, and the check 1 script read every update. In each election an early-vote update stamped before 7 PM already had per-precinct numbers; election-night updates then added election-day votes in several steps. Contact from TX SOS county election officials list (page sha256 065e1ebd63c5)."
Dickens,COUNTY_ONLY_PRECINCT_AT_CANVASS,low,(806) 623-5531,danay.carnes@co.dickens.tx.us,https://www.co.dickens.tx.us/page/dickens.Elections,county_pdfs,www.co.dickens.tx.us,https://www.co.dickens.tx.us/upload/page/1679/image3884.pdf,,,n,,,"Seed http://www.co.dickens.tx.us/ works over https. No Clarity or vendor link. Files are scanned Hart reports named imageNNNN.pdf; Last-Modified values differ per file and follow PDF creation times. For the runoff, both the 'Unofficial Results' and 'Preliminary Election Reconciliation' links point to the same reconciliation form. 2024 general undetermined (check 3 pending; wayback-data branch not on origin). Rule 43 applied 2026-10-02 (normalize-1): 2026_runoff LATER kept, county_totals_first_seen 2026-05-26 20:40 CT. Rule 43 applied 2026-10-02 (normalize-3): 2026_primary LATER to UNDETERMINED. Contact from TX SOS county election officials list (page sha256 065e1ebd63c5)."
Dimmit,UNKNOWN,low,(830) 876-2323 ext. 5,countyclerk@dimmitcounty.org,https://dimmitcounty.org/government/departments/elections/index.php,county_pdfs,dimmitcounty.org,https://dimmitcounty.org/government/departments/elections/index.php,,,n,,,"Seed http://www.dimmitcounty.org/ works over https and links the Elections page. No Clarity or vendor link. File links carry a CMS '?t=YYYYMMDDhhmmss' upload stamp. The primary NONE rests on the absence of any results file on a page that keeps other primary files (notices, voter-history files, hand count audit); a removed file cannot be ruled out. The runoff canvassed-results PDF returned 404 to the fetch module (ampersand in file name). Check 3 pending (wayback-data branch not on origin). Rule 43 applied 2026-10-02 (normalize-1): 2026_primary NONE to UNDETERMINED. Contact from TX SOS county election officials list (page sha256 065e1ebd63c5)."
Donley,PRECINCT_END_OF_NIGHT,low,(806) 874-3436,doncoclerk@co.donley.tx.us,https://www.co.donley.tx.us/page/Elections,county_pdfs,www.co.donley.tx.us,https://www.co.donley.tx.us/upload/page/0087/docs/MarchPrimary20260001.pdf,,2026-03-03 23:19 CT,n,,,"Seed URL (http default.aspx) and https /page/donley.Elections returned HTTP 403; the home page links /page/Elections and /page/Elections.Archive, which load. No Clarity site (elections.json 404). Results are scanned PDFs on the county site. 2026 primary: '03032026 Primary unofficial' is a 20-page Electionware Custom Table Report with per-precinct candidate votes for Precincts 1, 2, 3, 303, 4, marked 'FINAL' by hand, printed 03/03/2026 08:45PM, Last-Modified Wed, 04 Mar 2026 05:19:06 GMT (11:19 PM CST election night). The page also says '03032026 DemocraticElection Night Not Yet Available'. 2024 general: the archive's only results file is an SOS-format 'Election Unofficial Results Report' with county totals by early/election day, scanned 6 Nov 2024 21:37 UTC and Last-Modified Wed, 06 Nov 2024 21:38:49 GMT (3:38 PM CST next day); no precinct report is listed. 2026 runoff: the Elections page lists only sample ballots and voting hours for May 26, 2026; no runoff results are posted, so whether anything was posted on election night cannot be told. Server Last-Modified values differ per file, so they are real upload times (a later replacement would hide an earlier upload). Check 3 pending (origin/wayback-data not present). Rule 43 applied 2026-10-02 (normalize-3): 2024_general LATER to UNDETERMINED. Rule 47 applied 2026-10-02 (normalize-47): none. Contact from TX SOS county election officials list (page sha256 065e1ebd63c5)."
Duval,COUNTY_ONLY_PRECINCT_AT_CANVASS,med,(361) 279-6278,bobby.gonzalez@co.duval.tx.us,https://www.co.duval.tx.us/page/duval.ElectionArchives,county_pdfs,www.co.duval.tx.us,https://www.co.duval.tx.us/upload/page/11353/Precinct%20Results-11-6-2024%2008-30-08%20AM.pdf,,2026-03-03 22:11 CT,n,,,"No Clarity site (elections.json 404). Results are PDF reports (Precinct Results Report / Cumulative Results Report, Microsoft Reporting Services) listed on the county's Election Archives page. 2024 general: 'Final Cumulative Results' (run 9:51 PM 11/05/2024, Last-Modified Wed, 06 Nov 2024 04:30:35 GMT = 10:30 PM CST) is county totals; the 'Precinct Results' report was run 8:29 AM 11/06/2024 (file name '11-6-2024 08-30-08 AM'; current Last-Modified Tue, 12 Nov 2024 14:51:33 GMT), after election night. 2026 primary: 'Precinct by Precinct Results' (file 20260309_Precinct Results.pdf) is headed 'Election day + E.V.', run 9:53 PM 03/03/2026, with Absentee, Early and Election Day columns per precinct, Last-Modified Wed, 04 Mar 2026 04:11:50 GMT (10:11 PM CST election night); only one election-night precinct report is listed. 2026 runoff: 'Run-Off Election Results' cumulative report run 8:11 PM 05/26/2026 but Last-Modified Wed, 27 May 2026 17:28:43 GMT (next day); 'Precinct by Precinct Results' run 10:56 AM 05/28/2026, Last-Modified Thu, 28 May 2026 22:12:05 GMT. Server Last-Modified values differ per file, so they are real upload times, though a replaced file hides an earlier upload. Check 3 pending (origin/wayback-data not present). Rule 43 applied 2026-10-02 (normalize-3): 2026_runoff LATER kept, county_totals_first_seen 2026-05-26 20:11 CT. Rule 47 applied 2026-10-02 (normalize-47): none. Contact from TX SOS county election officials list (page sha256 065e1ebd63c5)."
Eastland,COUNTY_ONLY_PRECINCT_AT_CANVASS,low,(254) 629-6051,temi.nichols@eastlandcounty.gov,https://www.eastlandcounty.gov/1196/Eastland-County-Elections,county_pdfs,www.eastlandcounty.gov,https://www.eastlandcounty.gov/DocumentCenter/View/708/Republican-Precinct-by-Precinct-Report-PDF,,,n,,,"Seed URL (http eastlandcountytexas.com/page/...) returned HTTP 403 and the https version 404; the home page redirects to www.eastlandcounty.gov (CivicPlus), whose Elections page and per-election pages under Previous Elections list PDFs in the Document Center. No Clarity site (elections.json 404). The CivicPlus server stamps every file with the request time as Last-Modified (e.g. Fri, 02 Oct 2026 15:19:23 GMT), so it gives no upload evidence; only printed run times and PDF CreationDate are available. 2024 general: 'Unofficial Cumulative Results Report' (county totals, CreationDate 6 Nov 2024 17:40 UTC); '11-05-24 Precinct by Precinct' PDFs created 14 Feb 2025. 2026 primary: 'Unofficial - Democratic/Republican Results' are SOS-format 'Election Unofficial Results Report' county totals (Republican CreationDate 5 Mar 2026 02:02 UTC = 8:02 PM CST Mar 4); 'Precinct by Precinct Report-Democratic' and '-Republican' are listed as plain text with no link, so primary precinct numbers are not published online. 2026 runoff: 'Unofficial Results' cumulative report run 9:02 PM 05/26/2026; 'Democratic/Republican-Precinct by Precinct Report' run 12:56 PM 05/27/2026. Check 3 pending (origin/wayback-data not present). Rule 43 applied 2026-10-02 (normalize-1): 2024_general LATER to UNDETERMINED; 2026_primary LATER to UNDETERMINED; 2026_runoff LATER kept, county_totals_first_seen 2026-05-26 21:02 CT. Contact from TX SOS county election officials list (page sha256 065e1ebd63c5)."
Ector,COUNTY_ONLY_PRECINCT_AT_CANVASS,low,(432) 498-4030,elizabeth.sertuche@ectorcountytx.gov,https://www.ectorcountytx.gov/271/Elections,county_pdfs,www.ectorcountytx.gov,https://www.ectorcountytx.gov/DocumentCenter/View/1093/PRECINCT-BY-PRECINCT-RESULTS-PDF,,,n,,,"The seed URL (co.ector.tx.us) returns 403/404; the county site is now ectorcountytx.gov, whose Elections page (271/Elections) has one tab per election with PDF reports. No Clarity site (Clarity elections.json 404). The DocumentCenter server stamps every file with the request time (Last-Modified Fri, 02 Oct 2026 14:05 to 14:53 GMT on all files fetched), so there is no upload-time evidence; only printed run times are available. 2024 general: the only unofficial report is a county-level 'Cumulative Results Report ... Unofficial Results' with Run Time 12:22 AM, Run Date 11/06/2024; the precinct report is 'Precinct Results Report ... Official Results' with Run Date 11/13/2024 (704 pages). 2026 primary and runoff tabs list only official cumulative (county-level) reports and no unofficial or precinct report, so election-night publication cannot be read from the page. Check 3 pending (wayback-data branch not found on origin). Contact from TX SOS county election officials list (page sha256 065e1ebd63c5)."
Edwards,COUNTY_ONLY_PRECINCT_AT_CANVASS,med,(830) 683-2235,clerk@swtexas.net,https://www.co.edwards.tx.us/page/Elections.Home,county_pdfs,www.co.edwards.tx.us,https://www.co.edwards.tx.us/upload/page/0085/Precinct%20Summay%20Report%202026.pdf,,,n,,,"Seed URL /page/edwards.electionsnew returned HTTP 403; the home page links /page/Elections.Home and /page/Elections.Past, which load. No Clarity site (elections.json 404). Results are scanned PDFs. 2024 general: the only results file is 'Unofficial Election Results General Election November 5 2024', an ES&S 'Summary Results Report ... UNOFFICIAL RESULTS' with county totals by Absentee/Early Voting/Election Day, footer 'Election Summary - 11/05/2024 09:44PM', scanned 6 Nov 2024 16:39 UTC and Last-Modified Wed, 06 Nov 2024 16:49:16 GMT (10:49 AM CST next day); the 2024 'Precinct 1 ... Precinct 4' links are sample ballots. 2026 primary: the Elections page lists notices, sample ballots, daily early-voting totals and post-election hand count audit results for March 3, 2026, but no primary results report. 2026 runoff: 'General Primary Runoff Election Results May 26, 2026 - Republican / Democratic' are SOS-format county-total reports (fax header '10:16:50 p.m. 05-26-2026'), scanned 28 May 2026 19:36 UTC, Last-Modified Thu, 28 May 2026 19:42:47 GMT; 'Summary Results Report by Precinct Primary Runoff Election' Last-Modified Mon, 08 Jun 2026 19:44:51 GMT. Last-Modified values differ per file, so they are real upload times. Check 3 pending (origin/wayback-data not present). Rule 43 applied 2026-10-02 (normalize-3): 2024_general LATER kept, county_totals_first_seen 2024-11-05 21:44 CT; 2026_runoff LATER kept, county_totals_first_seen 2026-05-26 22:16 CT. Contact from TX SOS county election officials list (page sha256 065e1ebd63c5)."
El Paso,LIVE_PRECINCT,high,(915) 273-3597,lwise@epcounty.com,https://results.enr.clarityelections.com/TX/El_Paso/,clarity_style,results.enr.clarityelections.com,https://results.enr.clarityelections.com/TX/El_Paso/125933/368441/reports/detailxml.zip,,2024-11-05 20:52 MT,n,,,"Seed URL epcountyvotes.com redirects to epcountyvotestx.gov, whose 'Election Night Reporting' link goes to results.enr.clarityelections.com/TX/El_Paso/126385/. Check 1 (Clarity update log, Mountain time): 2024 general EID 122595 has 6 election-night updates (8:52 PM to 12:29 AM MST), all with 216 precincts with nonzero candidate votes; summed precinct votes grow from 6,669,993 (6:48 PM early-vote update) to 6,837,235 (8:52 PM) and 9,190,352 (12:29 AM), so election-day votes were added at precinct level during the night. 8 early versions were unreadable (no detail file) and a 10/17/2024 update with precinct votes was a pre-election version. 2026 primary EID 125933: 6 election-night updates (7:47 PM to 1:04 AM MST), 225 to 230 precincts with votes. 2026 runoff EID 126385: 3 election-night updates (8:34 PM to 10:20 PM MDT) all with 0 precincts with votes; precinct votes first appear 5/27/2026 11:19:51 AM MDT (226 precincts), consistent with precinct values withheld on election night. Check 3 not needed. Contact from TX SOS county election officials list (page sha256 065e1ebd63c5)."
Ellis,UNKNOWN,low,(972) 825-5195,elections@co.ellis.tx.us,https://www.livevoterturnout.com/ENR/ellistxenr/4/en/Index_4.html,vendor_hosted,www.livevoterturnout.com,https://www.elliscountytx.gov/1363/March-3-2026-Joint-Primary-Elections,,,n,,,"Seed URL co.ellis.tx.us/index.asp?nid=312 and every co.ellis.tx.us page tried (/312/Elections, home) returned HTTP 403 (bot protection, not bypassed). One web search found the county's current domain www.elliscountytx.gov, which loads; its Prior Election Results pages link per-election pages. No Clarity site (elections.json 404). Election-night results are hosted on livevoterturnout.com ENR (ellistxenr/4 and /5 for the 2026 primary, /9 and /10 for the runoff), which shows per-precinct results; the pages now show 'Official Results for Canvass' with 'Website Updated: 3/10/2026 2:10:56 PM' (Last-Modified Tue, 10 Mar 2026 19:10:57 GMT) and expose no dated update history, so check 1 cannot be read. County pages now list only official canvass PDFs (Official Cumulative/Summary Results, Official Precinct by Race Results, reconciliation forms) for all three elections; the election-night unofficial results have been replaced, so check 2 cannot show what was public on election night. Check 3 pending (origin/wayback-data not present). Targeted pass 3 2026-10-02 (targeted3-B): no election decided; tag and results unchanged. Tried: (1) livevoterturnout ENR page source (ellistxenr/4/en/Index_4.html, 6.7 MB static HTML): all results are embedded in the page; the only data file it loads is '../ellistxenr_4.txt' (a GeoJSON map layer for 'Districts'); the shared script LiveResultsScripts_v4.1.js returns 404; no update history or per-update files exist, and today's copy is the canvass state ('Website Updated: 3/10/2026 2:10:56 PM'). (2) archive.org/wayback/available (reachable) shows a Wayback capture of ellistxenr/4/en/Index_4.html at 20260304054915 UTC (11:49 PM CST, election night), but web.archive.org replays and archive.ph are refused by the fetch module (robots_disallowed_or_unreachable), so its content cannot be read here; no capture near election night for ellistxenr/5 (Democratic primary), /9 or /10 (runoff). This 2026 primary capture is the best lead for the targeted Wayback harvest (not yet on the branch for Ellis). (3) Check 4 search found only county notices and a 'Preliminary Election Reconciliation Unofficial Totals' PDF (DocumentCenter/View/22968, CreationDate Mar 4 2026 05:07 UTC; turnout only, no candidate votes, no Last-Modified header). Sweep pending. Contact from TX SOS county election officials list (page sha256 065e1ebd63c5)."
Erath,COUNTY_ONLY_PRECINCT_AT_CANVASS,med,(254) 965-8990,ecvote@co.erath.tx.us,https://www.co.erath.tx.us/186/Current-Elections,county_pdfs,www.co.erath.tx.us,https://www.co.erath.tx.us/DocumentCenter/View/6459/2026-03-Republican-Unofficial-Final-Results-PDF,,,n,,,"No Clarity site (elections.json 404). The Current Elections page (CivicPlus Document Center) lists for each 2026 election 'Unofficial Early Results', 'Unofficial Final/Total Results', 'Official Results', a canvass PDF and reconciliation forms. The unofficial reports are Electionware 'Summary Results Report' county totals split by Absentee/Early Voting/Election Day: 2026 primary Republican 'Unofficial Final Results' footer 'Election Summary - Republican - 03/03/2026 9:06 PM' (CreationDate 4 Mar 2026 03:19 UTC = 9:19 PM CST); 2026 runoff Republican 'Unofficial Total Results' footer '05/26/2026 8:17 PM' (CreationDate 27 May 2026 02:23 UTC). The 'Official Results' (CreationDate 10 Mar 2026) are also Summary Results Reports; precinct numbers, if any, appear only in the canvass PDFs (not opened). No election-night precinct report is listed. The CivicPlus server stamps every file with the request time as Last-Modified, so there is no upload evidence. 2024 general results are not on the current site (no archive page found on the Elections pages). OCR noise in quoted PDF text was normalized. Check 3 pending (origin/wayback-data not present). Rule 43 applied 2026-10-02 (normalize-1): 2026_primary LATER kept, county_totals_first_seen 2026-03-03 21:06 CT; 2026_runoff LATER kept, county_totals_first_seen 2026-05-26 20:17 CT. Contact from TX SOS county election officials list (page sha256 065e1ebd63c5)."
Falls,COUNTY_ONLY_PRECINCT_AT_CANVASS,med,(254) 883-1521,nicket.taylor@co.falls.tx.us,https://www.co.falls.tx.us/page/Elections,county_pdfs,www.co.falls.tx.us,https://www.co.falls.tx.us/upload/page/0108/images/Primary%20Runoff%20Unofficial%20Results%205.26.26.pdf,,,n,,,"The seed list has no website for Falls; https://www.co.falls.tx.us/ (the usual county domain pattern) loads and links /page/Elections and /page/Elections.Archive. No Clarity site (elections.json 404). Results are scanned 'Cumulative Results Report' PDFs (county totals by Absentee/Early/Election Day). 2026 runoff: 'Primary Runoff Unofficial Results 5.26.26' run 9:14 PM 05/26/2026, Last-Modified Wed, 27 May 2026 02:29:48 GMT (9:29 PM CDT election night), county totals only; the only other runoff results file is 'Cumulative Results 06.02.2026' (canvass); the precinct-labeled .xlsx files are voting history (voter lists), not results. 2024 general: 'Unofficial General Election Results' is a Cumulative Results Report run 11:43 PM 11/05/2024, scanned and Last-Modified Wed, 06 Nov 2024 14:53:48 GMT (8:53 AM CST next day), county totals only; no 2024 precinct results report is listed. 2026 primary: the only primary results link, labeled 'Cumulative Results-3-13-2026', points to a Bremond ISD notice of election file, so no primary results are readable. Last-Modified values differ per file, so they are real upload times. Check 3 pending (origin/wayback-data not present). Rule 43 applied 2026-10-02 (normalize-3): 2024_general LATER kept, county_totals_first_seen 2024-11-05 23:43 CT. Contact from TX SOS county election officials list (page sha256 065e1ebd63c5)."
Fannin,COUNTY_ONLY_PRECINCT_AT_CANVASS,med,(903) 583-7488,elections@fanninco.net,https://www.co.fannin.tx.us/page/fannin.Elections,county_pdfs,www.co.fannin.tx.us,https://www.co.fannin.tx.us/upload/page/7064/Cumulative%20Results-3-3-2026%2009-51-50%20PM.pdf,,2026-05-26 22:25 CT,n,,,"Seed URL (http default.aspx) was not used; https://www.co.fannin.tx.us/page/fannin.Elections loads and lists all results PDFs (Microsoft Reporting Services Cumulative/Precinct Results Reports). No Clarity site (elections.json 404). 2024 general: 'UNOFFICIAL ELECTION RESULTS' is a Cumulative Results Report run 10:07 PM 11/05/2024, Last-Modified Wed, 06 Nov 2024 22:13:02 GMT (next afternoon); then 'OFFICIAL ELECTION RESULTS' (cumulative, 11-13-2024) and 'OFFICIAL CANVASS REPORT'; no unofficial precinct report. 2026 primary: 'Unofficial Election Day Results' (Republican) and 'Unofficial Election Night Results' (Democratic) are Cumulative Results Reports (Republican run 9:43 PM 03/03/2026, Last-Modified Wed, 04 Mar 2026 05:03:09 GMT = 11:03 PM CST); no precinct report is listed for the primary. 2026 runoff: 'Unofficial Precinct Results' (file 'Precinct ResultsFinalUnofficial-5-26-2026 09-34-04 PM') run 9:33 PM 05/26/2026, 'Polling Places Reporting 13 of 13', with Absentee/Early/Election Day columns per precinct, Last-Modified Wed, 27 May 2026 03:25:18 GMT (10:25 PM CDT), posted together with 'Unofficial Cumulative Results'. Last-Modified values differ per file, so they are real upload times. The runoff shows a change from earlier elections, but the site does not state any change in precinct reporting, so stated_change_2026 is n. Check 3 pending (origin/wayback-data not present). Rule 43 applied 2026-10-02 (normalize-3): 2024_general LATER kept, county_totals_first_seen 2024-11-05 22:07 CT. Rule 47 applied 2026-10-02 (normalize-47): none. Contact from TX SOS county election officials list (page sha256 065e1ebd63c5)."
Fayette,PRECINCT_END_OF_NIGHT,med,(979) 968-6563,donna.macik@co.fayette.tx.us,https://www.co.fayette.tx.us/page/fayette.Elections.PastResults,county_pdfs,www.co.fayette.tx.us,https://www.co.fayette.tx.us/upload/page/1737/2026/Unofficial_PctSummary_20260526.pdf,,2024-11-06 00:47 CT,n,,,"Seed URL (http default.aspx) was not used; https://www.co.fayette.tx.us/page/fayette.Elections loads and links 'Past Election Information' (/page/fayette.Elections.PastResults), which lists results PDFs (many links point to the same paths on newtools.cira.state.tx.us; files were fetched from www.co.fayette.tx.us). No Clarity site (elections.json 404). 2024 general: 'Fayette County Election Night Reporting - Unofficial Results - Precinct Report' (20241105_Pct_Report_Final.pdf) is a 48-page ES&S Precinct Summary with Absentee/Early/Election Day columns per precinct, PDF CreationDate 6 Nov 2024 06:38:49 UTC (12:38 AM CST), Last-Modified Wed, 06 Nov 2024 06:47:03 GMT (12:47 AM CST). 2026 runoff: 'Unofficial Election Night Results - Precinct Summary' CreationDate 27 May 2026 03:21:31 UTC, Last-Modified Wed, 27 May 2026 03:29:32 GMT (10:29 PM CDT). 2026 primary: only 'Official Election Summary Report' and 'Official Precinct Report' (dated 20260310) are listed; no election-night report remains. Last-Modified values differ per file, so they are real upload times. The page also links cast vote record image archives on Dropbox for 2024 elections. Check 3 pending for the primary (origin/wayback-data not present). Rule 47 applied 2026-10-02 (normalize-47): none. Contact from TX SOS county election officials list (page sha256 065e1ebd63c5)."
Fisher,COUNTY_ONLY_PRECINCT_AT_CANVASS,low,(325) 776-2401,pat.thomson@fishercounty.org,https://www.fishercounty.org/page/fisher.ElectionPage,county_pdfs,www.fishercounty.org,https://www.fishercounty.org/upload/page/7798/docs/CountyClerk/Elections/2024/summary%20Results%20for%20General%20Election.pdf,,,n,,,"Seed URL http://www.co.fisher.tx.us/ returned HTTP 403 and its https version fails certificate verification (hostname mismatch); the county's email domain www.fishercounty.org loads and has an 'Election Page'. No Clarity site (elections.json 404). Results are scanned Electionware 'Summary Results Report' PDFs (county totals only). 2024 general: 'Summary Results for General Election November 5, 2024' ('Totals for Website', 'Election Summary - 11/05/2024 8:31 PM'), Last-Modified Wed, 06 Nov 2024 03:27:56 GMT (9:27 PM CST election night); other 2024 files are 'OFFICIAL RESULTS' and reconciliation forms; no precinct report. 2026 primary: 'Unofficial Results' (19 pages, Summary Results Report) scanned 6 Mar 2026, Last-Modified Fri, 06 Mar 2026 16:08:40 GMT. 2026 runoff: 'Unofficial Results' Summary Results Report 'TX Fisher 260526 Primary Runoff 6110', footer 'Election Summary - 06/05/2026 10:31 AM', Last-Modified Fri, 05 Jun 2026 15:44:12 GMT; plus Official Republican/Democratic Results. No precinct-by-precinct results are posted for any of the three elections. Last-Modified values differ per file, so they are real upload times. Check 3 pending (origin/wayback-data not present). Rule 43 applied 2026-10-02 (normalize-3): 2026_primary LATER to UNDETERMINED; 2026_runoff LATER to UNDETERMINED. Contact from TX SOS county election officials list (page sha256 065e1ebd63c5)."
Floyd,COUNTY_ONLY_PRECINCT_AT_CANVASS,low,(806) 983-4900,keelee@co.floyd.tx.us,https://www.co.floyd.tx.us/page/floyd.Elections,county_pdfs,www.co.floyd.tx.us,https://www.co.floyd.tx.us/upload/page/1798/Unofficial%20Election%20Night%20Results.pdf,,,n,,,"Seed URL http://co.floyd.tx.us/ returned HTTP 403; https://www.co.floyd.tx.us/ loads and links /page/floyd.Elections. No Clarity site (elections.json 404). 2026 primary: 'Unofficial Election Night Results.pdf' is a 19-page scanned 'Cumulative Results Report FLOYD COUNTY, TEXAS PRIMARY ELECTION 3/3/2026 Unofficial Results' with county totals by Absentee/Early/Election Day only (through 'End of report'), scanned 4 Mar 2026 01:58 UTC and Last-Modified Wed, 04 Mar 2026 02:40:15 GMT (8:40 PM CST election night); no precinct report is posted. 2024 general: the 'November 5th, 2024 General Election' section lists only L&A tests and an early-voting roster; no results. 2026 runoff: no runoff section or results on the page. Check 3 pending (origin/wayback-data not present). Contact from TX SOS county election officials list (page sha256 065e1ebd63c5)."
Foard,UNKNOWN,low,(940) 684-1365,clerk@foardcounty.gov,https://www.foardcounty.texas.gov/page/Elections,county_pdfs,www.foardcounty.texas.gov,https://www.foardcounty.texas.gov/upload/page/0086/2026/Cumulative%20Results%20Report%20Unofficial%20Results.pdf,,,n,,,"The seed list has no website for Foard; www.co.foard.tx.us and www.foardcounty.gov were refused by the fetch module (robots disallowed or unreachable). One web search found www.foardcounty.texas.gov, whose Elections and Past Elections pages load. No Clarity site (elections.json 404). 2026 primary: 'Cumulative Results Report Unofficial Results' is an 18-page scanned report headed 'ELECTION NIGHT', 'Run Time 1:34 PM Run Date 03/04/2026', 'Precincts Reporting 4 of 4', county totals by Absentee/Early/Election Day only; Last-Modified Wed, 04 Mar 2026 20:45:29 GMT (2:45 PM CST next day); the only other primary result is 'March Primary Cumulative Results- Official'. 2026 runoff: the link 'Unofficial Results Primary Run-Off Election.' points to a 'Notice of Delivery of Balloting Materials to Signature Verification Committee' file, so no runoff unofficial results are readable; 'Official Results for Primary Party Run-Off Election' is also listed. 2024 general: neither page lists 2024 general results. Check 3 pending (origin/wayback-data not present). Rule 43 applied 2026-10-02 (normalize-3): 2026_primary LATER to UNDETERMINED. Contact from TX SOS county election officials list (page sha256 065e1ebd63c5)."
Fort Bend,LIVE_PRECINCT,high,(281) 341-8670,Chase.wilson@fbctx.gov,https://results.enr.clarityelections.com/TX/Fort_Bend/,clarity_style,results.enr.clarityelections.com,https://results.enr.clarityelections.com/TX/Fort_Bend/125940/368391/reports/detailxml.zip,,2024-11-05 19:12 CT,n,,,"Seed URL redirects to /government/departments/elections-voter-registration, which links yearly results pages. Fort Bend's Clarity elections.json does not list the three elections, so EIDs were taken from the county's own result pages: 2024 Election Results 'November 5, 2024-Presidential Election Official Results' -> results.enr.clarityelections.com/TX/Fort_Bend/122596; 2026 Election Results 'March 3, 2026-Joint Primary Election Official Results' -> 125940 and 'May 26, 2026-Primary Runoff Election Official Results' -> 126372. Each detail.xml read shows Region 'Fort Bend' and the matching ElectionDate. Check 1: 2024 general 6 election-night updates (7:12 PM to 12:48 AM CST), each with 173 precincts with nonzero votes, summed precinct votes rising from 8,687,231 to 10,583,005; 2026 primary 5 updates (7:07 PM to 1:47 AM CST), 197 precincts, sums 4,498,492 to 6,515,381; 2026 runoff 4 updates (7:17 PM to 12:03 AM CDT), 195 precincts, sums 259,547 to 385,727. The first update each night carries early-vote precinct numbers; later updates add election-day votes at precinct level. Some early versions had no readable detail file (7, 9 and 5). Check 3 not needed. Contact from TX SOS county election officials list (page sha256 065e1ebd63c5)."
Franklin,UNKNOWN,low,(903) 537-8353,elections@co.franklin.tx.us,https://franklincountytxelections.gov/election-information/election-results/,unknown,franklincountytxelections.gov,,,,n,,,"The county site www.co.franklin.tx.us links its Elections office to franklincountytxelections.gov. That site answered every request (home page and, after one web search located it, /election-information/election-results/) with an empty HTTP 202 (bot protection); it was not bypassed, so check 2 could not be done. No Clarity site (elections.json 404) and no other vendor results site was found. Search result titles mention a 'March 3, 2026 Primary Results Documents' page, but search text is not evidence. Check 3 pending for all three elections (origin/wayback-data not present). Contact from TX SOS county election officials list (page sha256 065e1ebd63c5)."
Freestone,COUNTY_ONLY_PRECINCT_AT_CANVASS,low,(903) 389-0469,election.administrator@co.freestone.tx.us,https://www.co.freestone.tx.us/page/freestone.Elections,county_pdfs,www.co.freestone.tx.us,https://www.co.freestone.tx.us/upload/page/1902/2024/unofficial_official_results_1152024.pdf,,,n,,,"Seed URL (http default.aspx) was not used; https://www.co.freestone.tx.us/page/freestone.Elections loads and lists results PDFs in sections per election. No Clarity site (elections.json 404). 2024 general: 'Unofficial Results' is a scanned Electionware 'Summary Results Report TX Freestone 241105 General 6110 ... UNOFFICIAL RESULTS' (county totals by Absentee/Early/Election Day/Provisional, 'Election Day Precincts Reporting 20 of 20'), footer 'Election Summary - 11/05/2024 10:18 PM', scanned 6 Nov 2024 18:42 UTC, Last-Modified Wed, 06 Nov 2024 19:00:12 GMT (1:00 PM CST next day); precinct numbers appear only in 'OFFICIAL PRECINCT BY PRECINCT TOTALS - PART 1/2' (canvass). 2026 primary: the section lists only 'OFFICIAL RESULTS' files (Democratic/Republican state, props, county) and voter lists; no unofficial report remains. 2026 runoff: the section's 'UNOFFICIAL RESULTS' link (/upload/page/1902/EV ED BBM ELECTION TOTAL ALL0001.pdf) returned HTTP 404; 'PRECINCT BY PRECINCT' appears as text without a link. Last-Modified values differ per file, so they are real upload times. Check 3 pending (origin/wayback-data not present). Rule 43 applied 2026-10-02 (normalize-3): 2024_general LATER kept, county_totals_first_seen 2024-11-05 22:18 CT. Contact from TX SOS county election officials list (page sha256 065e1ebd63c5)."
Frio,COUNTY_ONLY_PRECINCT_AT_CANVASS,low,(830) 505-7677,Daniella.perez@friocounty.org,https://www.co.frio.tx.us/page/elect.home,county_pdfs,www.co.frio.tx.us,https://www.co.frio.tx.us/upload/page/0099/NewFolder%20A/NewFolder/DOC052626-006.pdf,,,n,,,"Seed URL (http default.aspx) was not used; https://www.co.frio.tx.us/page/frio.Elections returned HTTP 403, but the home page links /page/elect.home, which lists scanned results PDFs. No Clarity site (elections.json 404). 2024 general: 'UNOFFICAL RESULTS' is a scanned Texas Secretary of State 'Election Unofficial Results Report 2024 NOVEMBER 5TH GENERAL ELECTION FRIO County' (county totals), Last-Modified Fri, 08 Nov 2024 15:09:05 GMT; then 'CANVASS REPORT'. 2026 primary: 'Unofficial Primary March 3, 2026, Republican' is an SOS-format county-total report, Last-Modified Wed, 04 Mar 2026 14:03:17 GMT (8:03 AM CST next morning); then Democratic and Republican Primary Canvass reports. 2026 runoff: 'Unofficial Democratic' / 'Unofficial Republican' both link to DOC052626-006.pdf, an Electionware 'Election Summary Results Report 2026 Primary Runoff Election May 26, 2026 UNOFFICIAL RESULTS Frio County, Texas' (county totals, 'Election Day Precincts Reporting 9 of 9'), Last-Modified Wed, 27 May 2026 02:19:50 GMT (9:19 PM CDT election night); then a Democratic Primary Runoff Canvass Report. No unofficial precinct-level report is posted for any of the three elections; precinct numbers, if any, are only in the canvass reports (not opened). The scanner CreationDate on the runoff file (03:18 UTC) is later than its upload time, so the scanner clock is not reliable. Check 3 pending (origin/wayback-data not present). Rule 43 applied 2026-10-02 (normalize-3): 2024_general LATER to UNDETERMINED; 2026_primary LATER to UNDETERMINED. Contact from TX SOS county election officials list (page sha256 065e1ebd63c5)."
Gaines,COUNTY_ONLY_PRECINCT_AT_CANVASS,low,(432) 758-4630,kpipkin@co.gaines.tx.us,https://www.co.gaines.tx.us/page/gaines.elections.current,county_pdfs,www.co.gaines.tx.us,https://www.co.gaines.tx.us/upload/page/11725/docs/May%2026th%202026/Precinct%20Results-5-29-2026%2004-49-26%20PM.pdf,,,n,,,"No Clarity site (elections.json 404). The 'Current Election' page lists Microsoft Reporting Services Cumulative/Precinct Results Reports for 2026. 2026 primary: 'Unofficial' = 'Cumulative Results-3-4-2026 11-13-48 AM Unofficial Partial' (county totals, CreationDate 4 Mar 2026 17:14 UTC, Last-Modified Wed, 04 Mar 2026 17:17:09 GMT = 11:17 AM CST next day); 'Precinct' = 'Precinct Results-3-6-2026 09-28-05 AM Final Official' (Official Results, Last-Modified Fri, 06 Mar 2026 16:21:04 GMT). 2026 runoff: 'Unofficial' = 'Cumulative Results-5-26-2026 09-39-16 PM ED Unofficial' (county totals, CreationDate 27 May 2026 02:39 UTC = 9:39 PM CDT; its Last-Modified Wed, 27 May 2026 01:49:57 GMT is earlier than its creation time, so this server's upload time is not consistent for that file); 'Precinct' = 'Precinct Results-5-29-2026 04-49-26 PM' (Official Results, Last-Modified Tue, 02 Jun 2026 13:10:09 GMT). The Elections Archive page lists only 2025 elections; no 2024 general results were found. Check 3 pending (origin/wayback-data not present). Rule 43 applied 2026-10-02 (normalize-1): 2026_runoff LATER kept, county_totals_first_seen 2026-05-26 21:39 CT. Rule 43 applied 2026-10-02 (normalize-3): 2026_primary LATER to UNDETERMINED. Contact from TX SOS county election officials list (page sha256 065e1ebd63c5)."
Galveston,LIVE_PRECINCT,high,(409) 766-2200,Wendi.fragoso@co.galveston.tx.us,https://results.enr.clarityelections.com/TX/Galveston/,clarity_style,results.enr.clarityelections.com,https://results.enr.clarityelections.com/TX/Galveston/122842/351017/reports/detailxml.zip,,2024-11-05 19:37 CT,n,,,"Seed URL http://www.galvestonvotes.org/ returned HTTP 403 and https://www.galvestonvotes.org/ an empty HTTP 202 (bot protection, not bypassed), so the county's own links and reports could not be read. Galveston's Clarity site lists all three elections in elections.json (EIDs 122842, 125923, 126480; detail.xml Region 'Galveston' with matching ElectionDate). Check 1: 2024 general 6 election-night updates (7:37 PM to 11:45 PM CST), each with 90 precincts with nonzero votes, summed precinct votes 4,295,411 to 5,282,128; 2026 primary 6 updates (7:13 PM to 10:51 PM CST), 90 precincts, sums 1,744,845 to 2,728,476. 2026 runoff: 6 election-night updates (7:03 PM to 9:37 PM CDT) in which every precinct value is 'protected' (e.g. '<Precinct name=""137"" votes=""protected"" />'); precinct values stay protected through the last version (6/2/2026 3:37 PM CDT), so precinct numbers never appeared on Clarity; whether the county posted them elsewhere could not be checked (county site blocked). The final 2026 primary version (6/3/2026) also shows 0 precincts with votes. Many early versions had no readable detail file. Check 3 not needed for the deciding elections. Contact from TX SOS county election officials list (page sha256 065e1ebd63c5)."
Garza,UNKNOWN,low,(806) 990-1228,Kylene.wheeler@co.garza.tx.us,https://www.garzacounty.gov/page/elections,county_pdfs,www.garzacounty.gov,https://www.garzacounty.gov/page/open/1660/0/March%20Primary%20Republican.pdf,,,n,,,"Seed URL http://www.garzacounty.net/ returned HTTP 403; https://www.garzacounty.net/ redirects to www.garzacounty.gov, whose Elections page loads. No Clarity site (elections.json 404). The server sends no Last-Modified header for documents (/page/open/... links), so there is no upload evidence. 2026 primary: 'March 3, 2026 Primary Election Results' page links 'Republican Unofficial Results March 3, 2026 Primary' and 'Democratic Primary Unofficail Results', which are scanned Texas Secretary of State 'Election Unofficial Results Report 2026 REPUBLICAN PRIMARY ELECTION ... GARZA County' county-total reports (Republican scanned 4 Mar 2026 14:22 UTC = 8:22 AM CST next morning); the 'March 3, 2026 Primary Unofficial Totals' page holds a Preliminary Election Reconciliation form, not results; no precinct-level results are posted. 2026 runoff: the Elections page lists only 'May 26 2026 Primary Runoff Official Results', reconciliation, canvass and hand count audit files; no election-night report remains. 2024 general: no 2024 results found on the Elections pages checked. Check 3 pending (origin/wayback-data not present). Rule 43 applied 2026-10-02 (normalize-1): 2026_primary LATER to UNDETERMINED. Contact from TX SOS county election officials list (page sha256 065e1ebd63c5)."
Gillespie,PRECINCT_END_OF_NIGHT,low,(830) 997-6518,elections@gillespiecounty.org,https://www.gillespiecounty.gov/1319/Election-Results-Past-Present,county_pdfs,www.gillespiecounty.gov,https://www.gillespiecounty.gov/DocumentCenter/View/2594/2026-Republican-Primary-Runoff-Unofficial-Results-PDF,,,n,,,"Seed URL (http gillespiecounty.org default.aspx) and https://www.gillespiecounty.org/ returned HTTP 403; the county's current domain www.gillespiecounty.gov loads and has 'Election Results (Past & Present)'. No Clarity site (elections.json 404). Document Center files here are served with no Last-Modified header, so there is no upload evidence; only PDF creation times. 2026 runoff: '2026 Republican Primary Runoff Unofficial Results' is a Google Sheets printout '2026 Unofficial Results of May 26 Republican Primary Runoff' with candidate votes for Pct 1 through Pct 15 and Totals, PDF CreationDate 27 May 2026 03:55:09 UTC (10:55 PM CDT election night); when it was posted is not shown. 2026 primary: '2026 Gillespie County Republican Primary Unofficial Results' is a county-total sheet (Election Day, Early Voting In Person, Ballot by Mail, Grand Total), CreationDate 6 Mar 2026 16:25 UTC; precinct numbers appear in the Canvass Results Report. 2024 general: only canvass-stage reports remain ('General Election (Early Voting and Election Day)' is a Canvass Results Report run 4:15 PM 11/15/2024; 'Precinct Official Results Report'); no election-night report is listed. Check 3 pending (origin/wayback-data not present). Rule 43 applied 2026-10-02 (normalize-1): 2026_primary LATER to UNDETERMINED. Rule 47 applied 2026-10-02 (normalize-47): 2026_runoff kept END; precinct_first_seen filled (2026-05-26 22:55 CT (printed, PDF CreationDate; no upload time)). Contact from TX SOS county election officials list (page sha256 065e1ebd63c5)."
Glasscock,PRECINCT_END_OF_NIGHT,low,(432) 354-2371,rebecca.batla@co.glasscock.tx.us,https://www.co.glasscock.tx.us/page/Elections-2026,county_pdfs,www.co.glasscock.tx.us,https://www.co.glasscock.tx.us/upload/page/0113/5-26-26%20REPUBLICAN%20RUNOFF%20TALLY%20TOTALS.xlsx,,2026-03-04 00:37 CT,n,,,"No Clarity site (elections.json 404). Results are hand-tally Excel workbooks ('TALLY TOTALS') with one sheet per precinct (Precinct #1 to #4) giving Mailed in, Early and Election Day votes per candidate, plus county total sheets. 2026 primary: '3-3-2026 Republican Tally Totals' xlsx, workbook modified 2026-03-04T04:01:42Z (10:01 PM CST), Last-Modified Wed, 04 Mar 2026 06:37:56 GMT (12:37 AM CST, election night). 2026 runoff: '5-26-26 REPUBLICAN RUNOFF TALLY TOTALS' xlsx, workbook modified 2026-05-27T13:07:54Z, Last-Modified Wed, 27 May 2026 15:42:10 GMT (10:42 AM CDT next morning). 2024 general: 'GLASSCOCK COUNTY TOTAL RESULTS - 11/5/24' xlsx (per-precinct sheets), workbook modified 2024-11-06T13:56:09Z, Last-Modified Wed, 06 Nov 2024 14:19:00 GMT (8:19 AM CST next morning); an 'EARLY VOTING RESULTS' PDF was also posted. The workbook files may have replaced earlier uploads, which the server would not show. An en dash in the 2024 link title was replaced with a hyphen. Check 3 pending (origin/wayback-data not present). Rule 43 applied 2026-10-02 (normalize-1): 2024_general LATER to UNDETERMINED; 2026_runoff LATER to UNDETERMINED. Rule 47 applied 2026-10-02 (normalize-47): none. Contact from TX SOS county election officials list (page sha256 065e1ebd63c5)."
Goliad,COUNTY_ONLY_PRECINCT_AT_CANVASS,med,(361) 645-1241,nbarrientos@goliadcountytx.gov,https://www.co.goliad.tx.us/page/goliad.Elections,county_pdfs,www.co.goliad.tx.us,https://www.co.goliad.tx.us/upload/page/2545/2026/May262026/Unofficial%20Election%20Results%20May262026.pdf,,,n,,,"Seed URL http://www.co.goliad.tx.us/ (https used) links /page/goliad.Elections, which lists results PDFs per election; goliadcountytx.gov was refused by the fetch module. No Clarity site (elections.json 404). Election-night postings are county totals only: 2024 general 'Unofficial ENR' is a Texas Secretary of State 'Election Unofficial Results Report 2024 NOVEMBER 5TH GENERAL ELECTION GOLIAD County' (PDF CreationDate 6 Nov 2024 05:05 UTC, Last-Modified Wed, 06 Nov 2024 05:26:31 GMT = 11:26 PM CST election night); 2026 runoff 'CUMULATIVE UNOFFICIAL RESULTS REPORT' is an Electionware 'Summary Results Report 2026 Primary Runoff Election ... UNOFFICIAL RESULTS', footer 'Unofficial results - 05/26/2026 8:21 PM', Last-Modified Wed, 27 May 2026 02:03:51 GMT (9:03 PM CDT election night); 2026 primary 'CUMULATIVE UNOFFICIAL RESULTS REPORT' is a Summary Results Report with footer '03/04/2026 8:52 AM', Last-Modified Wed, 04 Mar 2026 18:39:04 GMT (next day). The other unofficial files are SOS-format party reports (county totals). Precinct-level numbers appear only in the official canvass reports posted after canvass. Last-Modified values differ per file, so they are real upload times. Check 3 not needed for the deciding elections. Rule 43 applied 2026-10-02 (normalize-3): 2026_primary LATER to UNDETERMINED. Contact from TX SOS county election officials list (page sha256 065e1ebd63c5)."
Gonzales,COUNTY_ONLY_PRECINCT_AT_CANVASS,med,(830) 519-4054,ea@co.gonzales.tx.us,https://www.co.gonzales.tx.us/page/gonzales.Elections.Admin,county_pdfs,www.co.gonzales.tx.us,https://www.co.gonzales.tx.us/upload/page/10685/030326%20Primary%20Election/Unofficial%20Results%203-3-26.pdf,,,n,,,"Seed URL http://www.co.gonzales.tx.us/ (https used) links 'Election Admin and Voter Registration', which lists results PDFs for 2026 elections. No Clarity site (elections.json 404). 2026 primary: 'Unofficial Results' is a scanned Electionware 'Summary Results Report 2026 Primary Election March 3, 2026 UNOFFICIAL RESULTS Total Report Gonzales County, Texas' (county totals by Absentee/Early/Election Day), footer 'Election Summary - 03/03/2026 10:05 PM', Last-Modified Wed, 04 Mar 2026 04:56:49 GMT (10:56 PM CST election night); the 'Precinct 1 ... Precinct 13' links are sample ballots. 2026 runoff: 'Unofficial Results w/reconciliation' is a Preliminary Election Reconciliation form plus a Summary Results Report (county totals), footer 'Election Summary - 05/26/2026 8:07 PM', Last-Modified Wed, 27 May 2026 01:50:18 GMT (8:50 PM CDT election night). The only other results files are 'Official Results' (with reconciliation), not opened; no precinct-level unofficial results are posted. 2024 general results are not on the current page. Last-Modified values differ per file, so they are real upload times. Check 3 pending for 2024 (origin/wayback-data not present). Contact from TX SOS county election officials list (page sha256 065e1ebd63c5)."
Gray,COUNTY_ONLY_PRECINCT_AT_CANVASS,low,(806) 669-8068,Randa.hiett@graycch.com,https://www.co.gray.tx.us/page/gray.Elections,county_pdfs,www.co.gray.tx.us,https://www.co.gray.tx.us/upload/page/2023/Precinct%20By%20Precinct%20%20Results-5-26-2026.pdf,,,n,,,"Seed URL http://www.co.gray.tx.us/ (https used) links /page/gray.Elections and 'Archived Election Information'. No Clarity site (elections.json 404). 2026 runoff: 'Unofficial Cumulative Results' (Cumulative Results Report, CreationDate 27 May 2026 01:06 UTC, Last-Modified Wed, 27 May 2026 01:15:52 GMT = 8:15 PM CDT election night) is county totals; 'Precinct By Precinct Results' (Precinct Results Report, Unofficial Results, Run Time 1:56 PM, CreationDate 27 May 2026 18:57 UTC) has Last-Modified Fri, 29 May 2026 16:44:16 GMT. 2026 primary: all listed files are dated 3-9-2026: 'Republican Precinct Results' (Run Time 9:13 AM, CreationDate 9 Mar 2026 15:14 UTC, Last-Modified Mon, 09 Mar 2026 18:56:38 GMT) and cumulative reports '3-9-2026 09-12-46 AM'; no election-night file remains. 2024 general (Archived Election Information): 'Election Results' (FINAL RESULTS.pdf, scanned 7 Nov 2024 14:06 UTC, Last-Modified Thu, 07 Nov 2024 14:08:18 GMT) and 'Precinct 1 Results' through 'Precinct 7 Results' (Precinct 1.pdf Last-Modified Thu, 21 Nov 2024 13:29:01 GMT). Last-Modified values differ per file, so they are real upload times. The page editor's link ids (e.g. link_1779844562708) match these upload times but were not used as evidence. Check 3 pending (origin/wayback-data not present). Rule 43 applied 2026-10-02 (normalize-1): 2026_primary LATER to UNDETERMINED. Rule 43 applied 2026-10-02 (normalize-3): 2024_general LATER to UNDETERMINED. Contact from TX SOS county election officials list (page sha256 065e1ebd63c5)."
Grayson,UNKNOWN,low,(903) 893-8683,elections@co.grayson.tx.us,https://www.co.grayson.tx.us/page/elec.history,county_pdfs,www.co.grayson.tx.us,https://www.co.grayson.tx.us/page/elec.history,,,n,,,"Seed URL (http default.aspx?name=elec.home) returned HTTP 403; https://www.co.grayson.tx.us/page/elec.home loads and links 'Prior Election Results' (/page/elec.history). No Clarity site (elections.json 404) and no other vendor results link was found on the elections pages. The Prior Election Results page lists only official, post-canvass reports for the target elections: 'Official Results Summary Report General 11.5.24 Election' and 'Official Pct. by Pct. Summary Results General 11.5.24 Election'; 'Official_Rep_Party_Pct_Summ_Results_Report_2026.pdf' and 'Official_Rep_Party_Summ_Results_Report_2026.pdf' (and Democratic) for the 2026 primary; nothing for the 2026 runoff. No election-night report remains, so check 2 cannot show what was public on election night. Document links (/page/open/...) carry no upload dates. Check 3 pending (origin/wayback-data not present). Targeted pass 3 2026-10-02 (targeted3-A): no election changed. A web search shows the county once posted unofficial 2026 primary reports ('March 3rd 2026 Primary Summary Unofficial Results Report.pdf' and 'Republican Party Summary Results Unofficial Report_.pdf' under /upload/page/0188/docs/2026/Results/Final-Unofficial/, 'Primary_Final_Unofficial_Summary_Results_Report.pdf', and /page/open/3828/0/'March 3rd 2026 Joint Primary Unoffcial Early Voting_Election Day_Absentee Summary Report.pdf'); fetched now, the /upload copies return HTTP 404 and the /page/open copy returns an empty 'Document Open' HTML page, so their content and times cannot be read (search snippets are not evidence). These are leads for the archive sweep. Site map (co.sitemap-list) and Voter Information page (vote.home) carry no results links beyond Prior Election Results. A site-restricted search of newtools.cira.state.tx.us found no Grayson copies. Wayback main harvest targeted co.grayson.tx.us only (connection refused); no phase1/targeted/ folder for Grayson; sweep pending. Contact from TX SOS county election officials list (page sha256 065e1ebd63c5)."
Gregg,PRECINCT_END_OF_NIGHT,high,(903) 236-8458,elections@co.gregg.tx.us,https://results.enr.clarityelections.com/TX/Gregg/,clarity_style,results.enr.clarityelections.com,https://results.enr.clarityelections.com/TX/Gregg/125930/368487/reports/detailxml.zip,,2024-11-05 22:34 CT,n,,,"Seed URL http://www.co.gregg.tx.us returned HTTP 403; https redirects to greggcounty.texas.gov, whose 'Elections' link goes to www.greggcountyvotes.com, which answered with an empty HTTP 202 (bot protection, not bypassed). Gregg's Clarity elections.json lists all three elections (EIDs 122313, 125930, 126274; detail.xml Region 'Gregg' with matching ElectionDate). Check 1: pre-election versions with precinct votes (9/24/2024, 10/15/2024, 2/20/2026, 4/22/2026) are pre-election test data, not results. 2024 general: two election-night updates, 10:34:05 PM and 10:41:00 PM CST, each with 21 precincts with votes and identical summed precinct votes (833,833), so the precinct numbers were in fact released once; a version just before (352612) has no detail file (HTTP 404). 2026 primary: one election-night update, 9:34:33 PM CST, 21 precincts (the prior readable update at 6:37 PM had 0; version 368483 just before 9:34 PM has no detail file). 2026 runoff: one election-night update, 8:35:28 PM CDT, 21 precincts (prior readable update 5/20/2026 had 0). Next updates are post-canvass (11/20/2024, 3/12/2026, 6/2/2026). Check 3 not needed. Check 1 reconciled to the election-day precinct measure: 2024_general: LIVE -> END; tag PRECINCT_END_OF_NIGHT -> PRECINCT_END_OF_NIGHT. Contact from TX SOS county election officials list (page sha256 065e1ebd63c5)."
Grimes,UNKNOWN,low,(936) 873-4422,Rachel.walker@grimescountytexas.gov,https://grimescountytexas.gov/,county_pdfs,grimescountytexas.gov,,,,n,,,"The county site grimescountytexas.gov (and www.) and its GovOffice host grimescountytx.govoffice.com publish a robots.txt with 'User-agent: * Disallow: /' (only named crawlers allowed), so the fetch module refused every request; www.co.grimes.tx.us was unreachable. This was accepted, not bypassed. No Clarity site (elections.json 404). One web search located result PDFs on grimescountytx.govoffice.com (titles such as 'Cumulative Results Report ... Run Time 7:05 PM 05/26/2026' and 'Cumulative_Results-3-3-2026_11-27-06_PM.pdf'), but search text is not evidence and the files could not be fetched. Check 3 pending for all three elections (origin/wayback-data not present). Contact from TX SOS county election officials list (page sha256 065e1ebd63c5)."
Guadalupe,UNKNOWN,low,(830) 303-6363,Cris.perez@guadalupetx.gov,https://www.guadalupetx.gov/page/elections.history,county_pdfs,www.guadalupetx.gov,https://www.guadalupetx.gov/page/elections.history,,,n,,,"Seed URL https://www.guadalupetx.gov/ links /page/elections.home and 'Elections Results History'. Guadalupe's Clarity elections.json exists but its newest listing is 2014 and the county pages carry no Clarity link, so check 1 has nothing to read. The Elections Results History page lists only official, post-canvass PDFs for the target elections: 'Guadalupe County General Election - Official Results' and '...pct by pct - Official Results' (2024), 'Republican/Democratic Primary Official Results' (2026 primary), 'Joint Primary Runoff Election-Election Summary Report-Official Results' (2026 runoff); the May 26, 2026 runoff election page lists notices, rosters and ballot logs but no results. No election-night report remains, so check 2 cannot show what was public on election night. One web search found no county election-night results page (only news coverage, which is not evidence). Check 3 pending for all three elections (origin/wayback-data not present). Targeted pass 3 2026-10-02 (targeted3-C): no election changed. Tried: (1) Elections Results History page re-read: every 2024 general, 2026 primary and 2026 runoff file is titled Official (for example /upload/page/0210/docs/2026/5-26/Official_Result-052626.pdf); no unofficial or election-night file is listed. (2) The 2026 primary election page folder /upload/page/0358/docs/030326/ (found by search; holds notices and early-vote rosters) returns 404 as a folder; no results file name from it was found. (3) archive.today timemaps for guadalupetx.gov election pages: refused by the fetch module (robots_disallowed_or_unreachable); the Wayback harvest for guadalupetx.gov also failed (robots_disallowed_or_unreachable). (4) Check 4: two web searches (county unofficial 2026 results; Seguin Gazette precinct results) found only official county files and Community Impact county-total stories, no third-party per-precinct numbers. Sweep pending. Contact from TX SOS county election officials list (page sha256 065e1ebd63c5)."
Hale,UNKNOWN,low,(806) 291-5261,reynac@halecounty.org,https://www.halecounty.org/county_offices/hale_county_primary_runoff.php,county_pdfs,www.halecounty.org,,,,n,,,"The county site www.halecounty.org publishes a robots.txt that allows only named crawlers and ends 'User-agent: * Disallow: /', so the fetch module refused every request (seed URL and https home page); www.co.hale.tx.us fails certificate verification. This was accepted, not bypassed. No Clarity site (elections.json 404). One web search located a county page 'may 26, 2026-hale county primary runoff' on www.halecounty.org, but it could not be fetched, and search text is not evidence. Check 3 pending for all three elections (origin/wayback-data not present). Contact from TX SOS county election officials list (page sha256 065e1ebd63c5)."
Hall,COUNTY_ONLY_PRECINCT_AT_CANVASS,med,(806) 259-2627,psnider@co.hall.tx.us,https://www.co.hall.tx.us/page/hall.County.Elections,county_pdfs,www.co.hall.tx.us,https://www.co.hall.tx.us/upload/page/9609/20260303215644218.pdf,,,n,,,"No Clarity link on the county Elections page; results are county-posted PDFs. 2024 general: one 'Unofficial Election Results' file (SOS Election Unofficial Results Report, county totals by vote method; filename and PDF CreationDate 2024-11-06 04:02:15 UTC = 10:02 PM CST Nov 5; Last-Modified Thu, 14 Nov 2024 21:14:15 GMT). 2026 primary: 'ELECTION RESULTS MARCH 3, 2026 JOINT PRIMARY' (scanned Electionware Summary Results Report, county totals, footer 'Election Summary - 03/03/2026 8:08 PM'; Last-Modified Wed, 04 Mar 2026 03:48:30 GMT = 9:48 PM CST). 2026 runoff: 'REP UNOFFICIAL RESULTS' and 'DEM UNOFFICIAL RESULTS' (scanned Summary Results Report, county totals, footer 'Election Summary - 05/26/2026 7:01 PM'; Last-Modified Wed, 27 May 2026 01:15:26 GMT and 01:14:49 GMT = 8:15 PM CDT). The scanned PDFs have no text layer and were read visually. No precinct-level results report is posted for any of the three elections; the page's FAQ points to results.texas-election.com for results. Check 3 pending (wayback-data branch not on origin). Contact from TX SOS county election officials list (page sha256 065e1ebd63c5)."
Hamilton,UNKNOWN,low,(254) 386-1204,countyclerk@hamiltoncountytx.org,https://www.hamiltoncountytx.gov/page/hamilton.elections,county_pdfs,www.hamiltoncountytx.gov,https://www.hamiltoncountytx.gov/upload/page/8825/Unofficial%20Primary%20Runoff%20Results%20Report.pdf,,,n,,,"Seed URL hamiltoncountytx.org fails (https 521, http 403, www robots/unreachable); one web search located the current site hamiltoncountytx.gov. Results are county-posted scanned PDFs (no text layer; read visually). No Clarity link. 2024 general: no results file on the Elections page (the 'Hamilton County Final Canvas.pdf' there is from Nov 2020, Last-Modified Tue, 24 Nov 2020). 2026 primary: only 'Joint Primary Official Results Precinct Summary' (Last-Modified Mon, 16 Mar 2026 16:02:49 GMT) and 'March 3 2026 Primary Official Results Summary'; no unofficial or election-night file. 2026 runoff: 'Unofficial Primary Runoff Results Report' is the SOS Election Unofficial Results Report with county totals (Last-Modified Fri, 29 May 2026 14:32:56 GMT); the only precinct file is 'March 26 2026 Primary Runoff Official Results Precinct Summary' (title has the wrong month; Last-Modified Mon, 29 Jun 2026 15:39:20 GMT). Check 3 pending (wayback-data branch not on origin). Rule 43 applied 2026-10-02 (normalize-4): 2026_runoff LATER to UNDETERMINED. Contact from TX SOS county election officials list (page sha256 065e1ebd63c5)."
Hansford,UNKNOWN,low,(806) 659-4110,clerk@hansfordcountytx.com,https://www.co.hansford.tx.us/page/Elections,unknown,www.co.hansford.tx.us,,,,n,,,"Seed URL (default.aspx path) replaced by https://www.co.hansford.tx.us/; its Elections page lists the November 3, 2026 general election notices, the 2024 primary notice and 2024 daily voter check-in rosters, and no results documents of any kind for the 2024 general, 2026 primary or 2026 runoff. No Clarity link. Current page content does not show what was posted on election night. Check 3 pending (wayback-data branch not on origin). Contact from TX SOS county election officials list (page sha256 065e1ebd63c5)."
Hardeman,UNKNOWN,low,(940) 663-2901,deborah@co.hardeman.tx.us,https://www.co.hardeman.tx.us/page/hardeman.Elections,county_pdfs,www.co.hardeman.tx.us,https://www.co.hardeman.tx.us/upload/page/10202/Unofficial%20Results%20of%202026%20Republican%20Primary%20Election.pdf,,,n,,,"No Clarity link; results are scanned county-posted PDFs (no text layer; read visually). 2024 general: no results file on the Elections page. 2026 primary: 'Unofficial Results of 2026 Republican Primary Election' and '... Democratic ...' are SOS Election Unofficial Results Reports with county totals (Last-Modified Thu, 05 Mar 2026 15:45:19 GMT and 15:47:09 GMT, after election night). 2026 runoff: only 'Canvass County Votes Report 2026' (SOS canvass, county totals, signed June 2, 2026; Last-Modified Wed, 03 Jun 2026 14:27:47 GMT); 'MAY 2026 PRIMARY RUNOFF ELECTION.pdf' is a polling location and hours notice. No precinct-level results are posted for any election. Check 3 pending (wayback-data branch not on origin). Rule 43 applied 2026-10-02 (normalize-4): 2026_primary LATER to UNDETERMINED; 2026_runoff LATER to UNDETERMINED. Contact from TX SOS county election officials list (page sha256 065e1ebd63c5)."
Hardin,COUNTY_ONLY_PRECINCT_AT_CANVASS,low,(409) 209-5445,elections@co.hardin.tx.us,https://hcelectioncenter.hardincountytx.gov/results/,homegrown,hcelectioncenter.hardincountytx.gov,https://hcelectioncenter.hardincountytx.gov/media/pdf/2026_may_runoff.pdf,,,n,,This site is intended to provide a visual representation of the voting data made available by the Hardin County Elections Department. Results are unofficial.,"Seed host www.co.hardin.tx.us is unreachable through the fetch module (robots check: connection reset by peer); one web search found the current site hardincountytx.gov, whose Elections Department page links 'HCElectionCenter' (hcelectioncenter.hardincountytx.gov/results/, a county-built results map run by the Hardin County Technology Department) plus official cumulative PDFs/TXT. HCElectionCenter shows per-precinct candidate votes (precinctCandidateVotes) for the 2024 general (election/5) and the 2026 primaries (election/8 and 9), but every race is stamped 'Last Updated' in March or April 2026 (for example 2024 general 'Last Updated: March 24, 2026 - 11:17 AM'; Republican primary 'Last Updated: April 6, 2026 - 1:27 PM'; Democratic primary 'Last Updated: March 26, 2026 - 2:22 PM'), so the current pages show reloaded data, not the election-night state, and the site exposes no update history. The 2026 runoff is 'PDF only' on HCElectionCenter. Official files on hardincountytx.gov are county cumulative reports (2024 general 'OFFICIAL Cumulative Results-11-18-2024', 2026 primaries '...-3-12-2026', runoff '...-6-4-2026'). No Clarity site linked. Check 3 pending (wayback-data branch not on origin). Contact from TX SOS county election officials list (page sha256 065e1ebd63c5)."
Harris,LIVE_PRECINCT,med,(713) 755-6965,voters@vote.hctx.net,https://www.harrisvotes.com/Election-Results/Live-Results,homegrown,app.harrisvotes.com,https://web.archive.org/web/20260304020130id_/https://app.harrisvotes.com/ElectionResults/RepublicanPrimary,20260304020130,,n,,"The Harris County Elections Administrator's Office makes a diligent effort to post accurate information on this website, but assumes no liability for damages incurred directly or indirectly as a result of errors, omissions, or discrepancies. For additional information please review our Privacy Policy and our Accessibility Statement.","Harris runs its own results app (harrisvotes.com Live Results iframes app.harrisvotes.com/electionresults/electionday). The app code loads appfiles.harrisvotes.com/harrisvotes/prd/Data/<electionCode>/resultsbyballot.json and, per contest, pv-<contestId>.json, rendered as a 'Precinct' voting tab, so the live site is built to show per-precinct numbers. But the files are overwritten in place: for the 2024 general (code 1124) resultsbyballot.json has dt 2024-11-15T17:30:00Z and Last-Modified Fri, 15 Nov 2024 18:03:43 GMT; pv-7281.json (President) Last-Modified Fri, 15 Nov 2024 18:03:22 GMT. No dated update history exists (check 1 not applicable; not Clarity). Data codes for the 2026 primary and runoff were not found (0326 and 0526 return 404) and were not guessed further. The Archives page lists only Official Cumulative and Official Canvass PDFs (e.g. 2024 general canvass file stamped 11-14-2024 03-12-57 PM); Election Reports lists reconciliation and audit forms, no election-night precinct reports. So no check could place precinct numbers on election night. The usage notice is the site footer on the Live Results page. Check 3 (wayback-data branch): the 2026 primary and runoff election-night captures of the county's own app (app.harrisvotes.com/ElectionResults/RepublicanPrimary at 2026-03-03 20:01:30 CST; .../DemocraticPrimary at 2026-05-26 20:47:41 CDT) contain a 'Precinct Reporting' tab that loads per-precinct candidate votes (rep-pv-/dem-pv-<contestId>.json?nocache=<minute time>) from the same feed as the county totals, so both are LIVE under the live precinct view rule (confidence capped at med). No pv file itself was captured and the captured county-total files show only early and mail votes (ed all 0), so precinct_first_seen is left empty. The per-precinct pr.json files are ballots cast (turnout) and do not count. 2024 general stays UNDETERMINED: the app capture timed out and only the embedding www page and a county-totals file were saved. check 3 applied 2026-10-02 (agent check3-pilot). Contact from TX SOS county election officials list (page sha256 065e1ebd63c5)."
Harrison,COUNTY_ONLY_PRECINCT_AT_CANVASS,low,(903) 935-4822,donaldro@co.harrison.tx.us,https://www.harrisoncountytexas.gov/page/PastElections,county_pdfs,www.harrisoncountytexas.gov,"https://newtools.cira.state.tx.us/upload/page/11882/March%203,%202026%20PRIMARY/UNOFFICIAL%20EARLY%20RESULTS.pdf",,,n,,,"Seed URL harrisoncountytexas.org/?page_id=1224 redirects to www.harrisoncountytexas.gov. The '2026 Elections' page and the Elections home page carry no results links for the 2026 primary or runoff. 'Past Elections' lists for NOV 5, 2024 only 'FINAL RESULTS' (scanned county cumulative report, PDF CreationDate 2024-11-13 21:26 UTC, Last-Modified Fri, 11 Apr 2025 03:05:50 GMT) and 'Precinct Results-11-18-2024 01-03-20 PM' (canvass-stage precinct report); no unofficial or election-night file survives. No Clarity link. Check 3 pending (wayback-data branch not on origin). Targeted pass 3 2026-10-02 (targeted3-A): 2026_primary changed UNDETERMINED -> LATER (check 2). A web search located the county's 2026 primary files under /upload/page/11882/March 3, 2026 PRIMARY/; on www.harrisoncountytexas.gov they now return HTTP 404, but the county's CMS host newtools.cira.state.tx.us still serves them with original Last-Modified headers, and its copy of the Elections page (harrison.Elections, a stale copy from about May 2026) lists the precinct report. Early county totals: Run Time 7:01 PM 03/03/2026, Last-Modified 01:15:27 GMT Mar 4 (7:15 PM CST); unofficial final county totals Run 1:16 PM 03/04/2026, Last-Modified 19:56:53 GMT; precinct report Run 1:25 PM 03/04/2026, Last-Modified 20:02:01 GMT Mar 4. 2024 general: CIRA harrison.PastElections lists the same files as the county Past Elections page (FINAL RESULTS, Precinct Results-11-18-2024), nothing from election night. 2026 runoff: no runoff results on either host and a web search found none. Wayback main harvest targeted harrisoncountytexas.org only (robots_disallowed_or_unreachable); no phase1/targeted/ folder for Harrison; sweep pending. Contact from TX SOS county election officials list (page sha256 065e1ebd63c5)."
Hartley,COUNTY_ONLY_PRECINCT_AT_CANVASS,low,(806) 235-3582,Melissa.mead@co.hartley.tx.us,https://www.co.hartley.tx.us/page/Voter.Information,county_pdfs,www.co.hartley.tx.us,https://www.co.hartley.tx.us/upload/page/0103/Unofficial%20Results.pdf,,,n,,,"Seed default.aspx URL replaced by https://www.co.hartley.tx.us/page/Voter.Information; the page links its PDFs over http, which return 403, so they were fetched over https. Results are scanned Electionware PDFs (no text layer; read visually). The printed report times look like the tabulator clock is off (2024 general footer 'Election Summary - 11/05/2024 7:22 PM' already includes 458 Election Day ballots; runoff footer 'Election Summary - 05/26/2026 6:02 PM' includes 203 Election Day ballots before polls closed), so printed times are not used. 2024 general: 'SUMMARY RESULTS REPORT - UNOFFICIAL RESULTS' (county totals) Last-Modified Wed, 06 Nov 2024 14:19:00 GMT; no 2024 general precinct report is listed. 2026 primary: 'SUMMARY RESULTS REPORT REPUBLICAN PARTY' (Last-Modified Thu, 12 Mar 2026 15:26:31 GMT) and 'SUMMARY RESULTS REPORT BY PRECINCT REPUBLICAN PARTY' (36 pages, Last-Modified Mon, 16 Mar 2026 18:40:06 GMT); no election-night file. 2026 runoff: 'SUMMARY RESULTS REPORT - UNOFFICIAL' (county totals) Last-Modified Fri, 29 May 2026 22:34:30 GMT; no runoff precinct report listed. No Clarity link. Check 3 pending (wayback-data branch not on origin). Rule 43 applied 2026-10-02 (normalize-4): 2024_general LATER kept, county_totals_first_seen 2024-11-05 19:22 CT; 2026_runoff LATER to UNDETERMINED. Contact from TX SOS county election officials list (page sha256 065e1ebd63c5)."
Haskell,UNKNOWN,low,(940) 864-2451,belia.abila@haskellcountytx.org,https://www.haskellcountytx.gov/page/haskell.Elections,unknown,www.haskellcountytx.gov,,,,n,,,"Verifier disagreement: research tag UNKNOWN, verifier tag COUNTY_ONLY_PRECINCT_AT_CANVASS; set to UNKNOWN per rule. Check 2 failed: the seed host www.co.haskell.tx.us returns a TLS hostname mismatch over https and 403 over http, and the current county host located by one web search (www.haskellcountytx.gov, also haskellcountytx.gov) is unreachable through the fetch module (robots check: connection reset by peer), so no county page or file could be read. The search listing names SOS 'Election Unofficial Results Report' PDFs for the 2026 primaries on that host, but search text is not evidence and the files could not be fetched. No Clarity link found. Check 3 pending (wayback-data branch not on origin). Contact from TX SOS county election officials list (page sha256 065e1ebd63c5)."
Hays,UNKNOWN,low,512-393-7310,elections@co.hays.tx.us,https://www.hayscountytx.gov/257/Election-Results-Archive,county_pdfs,www.hayscountytx.gov,,,,n,,,"Check 1: no Clarity election list for Hays (elections.json 404). The county Elections page (hayscountytx.gov/172/Elections, CivicPlus) links only an 'Election Results Archive' (Archive.aspx?AMID=53), whose entries (for example 'May 26, 2026 Primary Runoff', 'March 3, 2026 Primaries', 'November 5, 2024 General (ZIP)') hold only official files: 'Official Canvass Results', 'Official Cumulative Results', 'Official Results Reports (ZIP)', CVR export, certification and reconciliation. This server stamps every page with the request time as Last-Modified, so it gives no upload evidence. One web search listed an egovlink.com-hosted 'Cumulative Results - Democratic Party - unofficial' PDF for the 2026 primary, but that URL now returns 404, and a livevoterturnout.com/HaysTX election-night site that only covers November 2020 (Last-Modified 2022). No election-night file for the three target elections could be read. Check 3 pending (wayback-data branch not on origin). Targeted pass 2026-10-02 (targeted-Hays): no election changed. Tried: (1) livevoterturnout.com/HaysTX/LiveResults/en/Index_5.html source: static page, data embedded inline (precinctData = per-precinct check-ins/turnout, not candidate votes), electionIdVar 5, updated 11/4/2020; directory URLs return 403; no data files for 2024-2026 elections, so this vendor site is not where Hays posted the target elections. (2) Wayback harvest branch: one election-night capture, hayscountytx.gov/elections/20260303 at 2026-03-03 20:35 CST (the county used a Duda site at /elections/YYYYMMDD then; it now 404s after a move to CivicPlus): 'All EV locations reporting / ED locations reporting: 0 / 35' with only 'Cumulative Reporting' links to egovlink unofficial cumulative PDFs (now 404). This shows county totals posted on election night, but the capture predates any election-day results, so it cannot show whether precinct numbers came later that night; 2026_primary stays UNDETERMINED (lead toward LATER). No 2024 general capture (CDX connection refused; in 2024 the county site was hayscountytx.com, which the harvest did not target and which the fetch module reports unreachable) and no runoff capture. (3) phase1/targeted/archives/Hays and phase1/targeted/wayback/Hays: not on the wayback-data branch at start or at finish (checked three times). Wayback CDX from here is refused by the fetch module. (4) Check 4: Hays Free Press 2026 primary (updated 23:14 election night) and University Star 2024 live updates give county totals only; KUT runoff page gives county totals only; Fox7 2024 page had no precinct numbers; Wimberley View, Dripping Springs News and Hays Free Press 2024 pages return 404. No third-party per-precinct numbers found. Leads: web search listed egovlink 'Cumulative Results - 20260526 Dem unofficial.pdf' (runoff) and, for the Nov 2025 election (not a target), 'Canvass Results Unofficial.pdf', which suggests Hays sometimes posts unofficial precinct canvass reports; all such egovlink files now 404. Later Wayback captures of hayscountytx.gov/elections/20260303 and /20260526, hayscountytx.com election pages (Nov 2024), and egovlink.com/public_documents300/hayscounty/published_documents/departments/elections/results/ would decide these elections. Targeted pass 3 2026-10-02 (targeted3-C): no election changed. Tried: (1) Wayback availability API and replay for the egovlink unofficial cumulative PDF linked from the 2026-03-03 20:35 CST capture: archive.org returned HTTP 429 and web.archive.org is refused by the fetch module (robots_disallowed_or_unreachable). (2) egovlink.com directly: the unofficial primary file ('.../results/2026/0303 Primaries/Cumulative Results - Republican Party - unoffcial.pdf') still returns 404 and the folder listings '.../0303 Primaries/' and '.../0526 Primary Runoff/' return 403; only the official runoff cumulative ('.../0526 Primary Runoff/Official Cumulative Results - Republican Party 20260526 Primary Runoff.pdf', hash 362f6c7f...) loads, which is post-canvass. (3) The CivicPlus archive ZIPs are titled 'Official Results Reports' (post-canvass) and were not opened. (4) Check 4: two web searches; Hays Free Press 2024 coverage and Dripping Springs News 2024 results pages still return 404; search snippets give county totals 'as of 11:13 p.m.' only (not evidence). (5) phase1/targeted/archives/Hays and phase1/targeted/wayback/Hays are on the branch but hold no mementos or captures (archive.today timemaps empty; Memento aggregator unreachable). Sweep pending (no phase1/targeted/sweep/Hays on the branch at finish). Contact from TX SOS county election officials list (page sha256 065e1ebd63c5)."
Hemphill,PRECINCT_END_OF_NIGHT,med,(806) 323-6212,sylviag@hemphill-clerk.com,https://www.co.hemphill.tx.us/page/hemphill.ElectionInformation,county_pdfs,www.co.hemphill.tx.us,https://www.co.hemphill.tx.us/upload/page/7666/SUMMARY%20REPORT%20UNOFFICIAL%20RESULTS%20BY%20PRECINCT.pdf,,2024-11-05 21:01 CT,n,,,"No Clarity link; the county Election Information page posts Electionware/Hart-style PDF reports per election, many duplicated on newtools.cira.state.tx.us. 2024 general: 'SUMMARY UNOFFICIAL RESULTS REPORT BY PRECINCT' (24 pages, 'Precinct Summary - 11/05/2024 8:47 PM', Last-Modified Wed, 06 Nov 2024 03:01:51 GMT = 9:01 PM CST). 2026 primary: 'Unofficial Summary Early Voting Results by Precinct' plus 'Unofficial Summary Election Day Voting Results by Precinct' (77 pages, 'Precinct Summary - 03/03/2026 9:43 PM', Last-Modified Wed, 04 Mar 2026 04:02:52 GMT = 10:02 PM CST). 2026 runoff: on election night 'PRECINCT BY PRECINCT EARLY VOTING UNOFFICIAL RESULTS' (early votes only, Last-Modified Wed, 27 May 2026 00:39:13 GMT = 7:39 PM CDT) and 'SUMMARY UNOFFICIAL RESULTS' (county totals, 'Election Summary - 05/26/2026 7:27 PM', Last-Modified 02:02:58 GMT = 9:02 PM CDT); the page's 'PRECINCT BY PRECINCT UNOFFICIAL RESULTS' link points to the same county summary file; precinct numbers with election-day votes first appear in 'PRECINCT BY PRECINCT OFFICIAL RESULTS' (Last-Modified Fri, 05 Jun 2026 17:34:05 GMT). Check 3 pending (wayback-data branch not on origin); it could confirm whether any other runoff precinct file existed on election night. Rule 47 applied 2026-10-02 (normalize-47): none. Contact from TX SOS county election officials list (page sha256 065e1ebd63c5)."
Henderson,COUNTY_ONLY_PRECINCT_AT_CANVASS,med,(903) 675-6149,hcelections@henderson-county.com,https://www.henderson-county.com/225/Election-Results,county_pdfs,www.henderson-county.com,https://www.henderson-county.com/DocumentCenter/View/293/Precinct-by-Precinct-Results-PDF,,,n,,,"Seed URL path returns 404; the county Election Results page is https://www.henderson-county.com/225/Election-Results (CivicPlus). The Elections page links 'Election Night Returns Public Portal' to results.texas-election.com; no Clarity link. This server stamps every DocumentCenter file with the request time as Last-Modified (e.g. Fri, 02 Oct 2026 15:28:57 GMT), so it gives no upload evidence; PDF CreationDate is used as the printed run time. Per election the page lists Early Voting, First/Second Cumulative and 'Final Unofficial' county-total reports, plus a precinct report created at canvass: 2024 general 'Precinct by Precinct Results' CreationDate 2024-11-13 21:56 UTC; 2026 primary 'Precinct by Precinct Results' ('Results for Canvassing Authority') CreationDate 2026-03-10 17:18 UTC; 2026 runoff has no precinct report. 'Final Unofficial' CreationDates: 2024-11-06 02:59 UTC, 2026-03-04 03:18 UTC, 2026-05-27 02:34 UTC (election night). Check 3 pending (wayback-data branch not on origin). Contact from TX SOS county election officials list (page sha256 065e1ebd63c5)."
Hidalgo,LIVE_PRECINCT,high,(956) 318-2570,elections@co.hidalgo.tx.us,https://www.hidalgocounty.us/557/Primary-Elections,clarity_style,results.enr.clarityelections.com,https://results.enr.clarityelections.com/TX/Hidalgo/122498/352838/reports/detailxml.zip,,2024-11-05 21:21 CT,n,,,"Seed URL www.co.hidalgo.tx.us/elections/ returned HTTP 403; the county elections site is www.hidalgocounty.us/elections. Its election pages (2024 General 3318, 2026 Joint Primary 3456, 2026 Runoff 3477) link to Clarity EIDs 122498, 125934 and 126201. The county's Clarity elections.json lists elections only through 2020, so the check 1 script reported 'not listed'; the same reading (current_ver.txt, electionsettings.json versions, every reports/detailxml.zip, Timestamp and precincts with nonzero votes, using the script's own read_detail and on_election_night functions) was run on those EIDs from a scratch runner. Vote type for election day is named 'Election'. Precinct numbers before 9:21 PM in 2024 were early and mail only; election-day precinct votes first at 11:19 PM CST (2024), 9:29 PM CST (2026 primary), 8:28 PM CDT (2026 runoff). Unreadable (HTTP 404) versions: 5 (2024), 7 (2026 primary), 1 (2026 runoff), all before election night or after it. County pages also post later PCT by PCT and cumulative results documents (DocumentCenter). Wayback branch origin/wayback-data was not present when checked (not needed). Contact from TX SOS county election officials list (page sha256 065e1ebd63c5)."
Hill,COUNTY_ONLY_PRECINCT_AT_CANVASS,med,(254) 582-4072,ea@co.hill.tx.us,https://www.co.hill.tx.us/page/hill.Elections,county_pdfs,www.co.hill.tx.us,https://newtools.cira.state.tx.us/upload/page/7619/docs/2026/Election%20Day%20Vote%20Unofficial%20Totals-Final.pdf,,,n,,,"No Clarity link. The county Elections page links election-night PDFs hosted on newtools.cira.state.tx.us (the CIRA platform behind co.hill.tx.us). All are Hart 'Cumulative Results Report' county totals. 2026 runoff: 'Unofficial Results Election Day Part 1' (Run Time 7:53 PM, 3 of 13 precincts, Last-Modified Wed, 27 May 2026 01:09:35 GMT), 'Part 2' (8:23 PM, 9 of 13, 01:37:40 GMT), 'Final' (8:37 PM, 13 of 13, 01:47:32 GMT). 2026 primary: 'Unofficial Election Day Final Results' (Run Time 9:32 PM 3/3/2026, 13 of 13, Last-Modified Wed, 04 Mar 2026 03:46:29 GMT). No precinct-level report is posted for either 2026 election. 2024 general: only 'Official Results - November 5, 2024 General Election' (posted in the 2026 docs folder); no election-night file. Check 3 pending (wayback-data branch not on origin). Contact from TX SOS county election officials list (page sha256 065e1ebd63c5)."
Hockley,COUNTY_ONLY_PRECINCT_AT_CANVASS,low,(806) 894-1105,jrose@hockleycounty.org,https://www.co.hockley.tx.us/page/ElectionsHome,county_pdfs,www.co.hockley.tx.us,https://www.co.hockley.tx.us/upload/page/0119/20260303_233658.pdf,,,n,,,"Seed default.aspx URL replaced by https://www.co.hockley.tx.us/page/ElectionsHome. No Clarity link. 2026 primary: 'FINAL Results 2026 Republican Primary (As of Election Night)' and '... Democratic ...' are scanned Electionware Summary Results (county totals, footer 'Election Summary - 03/03/2026 10:21PM'; Republican file Last-Modified Wed, 04 Mar 2026 05:00:27 GMT = 11:00 PM CST); scanned, no text layer, read visually. 2026 runoff: only post-election hand count audit results (filenames dated 2026-06-12) are posted, no results report. 2024 general: no results on the page. Check 3 pending (wayback-data branch not on origin). Contact from TX SOS county election officials list (page sha256 065e1ebd63c5)."
Hood,COUNTY_ONLY_PRECINCT_AT_CANVASS,high,(817) 408-2525,ss0444@hoodcounty.texas.gov,https://results.enr.clarityelections.com/TX/Hood/,clarity_style,results.enr.clarityelections.com,https://results.enr.clarityelections.com/TX/Hood/126050/368451/reports/detailxml.zip,,2024-11-05 21:57 CT,n,,,"Seed URL www.co.hood.tx.us resets the connection; the county now uses hoodcounty.texas.gov, whose Elections Administration page links 'Election Results' to results.enr.clarityelections.com/TX/Hood/. Check 1 script output (phase1/checks/clarity/Hood.json) reports 'precincts with votes' on every night update, but reading the cached detail.xml files shows that in the 2026 primary and runoff night updates, and the 7:09 PM 2024 update, every candidate precinct value is 'N/A' (for example 'Choice text=John Cornyn ... VoteType name=Absentee votes=N/A ... Precinct name=101 votes=N/A'); the nonzero precinct values the script counted are contest-level Undervotes and Overvotes, not candidate votes. Per-vote-type candidate precinct sums were computed from the same cached files. Results here use candidate votes only. Many earlier update versions return 404 (unreadable). Re-run with the updated check 1 script (election-day precinct votes counted separately) confirms: 2024 general 2/3 night updates with election-day precinct votes (first 9:57:28 PM CST), 2026 primary 0/3, 2026 runoff 0/2 (first 6/2/2026). Rule 43 applied 2026-10-02 (normalize-1): 2026_primary LATER kept, county_totals_first_seen 2026-03-03 19:13 CT; 2026_runoff LATER kept, county_totals_first_seen 2026-05-26 19:05 CT. Contact from TX SOS county election officials list (page sha256 065e1ebd63c5)."
Hopkins,PRECINCT_END_OF_NIGHT,low,(903) 438-3038,rpearson@hopkinscountytx.org,https://www.hopkinscountytx.org/page/hopkins.Elections,county_pdfs,www.hopkinscountytx.org,https://newtools.cira.state.tx.us/upload/page/3034/5.26.2026/Precinct%20Results-5-26-2026%20Unofficial.pdf,,2026-05-26 20:12 CT,n,,,"Seed default.aspx URL replaced by https://www.hopkinscountytx.org/page/hopkins.Elections ('Election Information/Results'); files are hosted on newtools.cira.state.tx.us. No Clarity link. 2026 runoff: 'Cumulative Unofficial Results' (Hart Cumulative Results Report, Run Time 7:55 PM, Last-Modified Wed, 27 May 2026 01:11:51 GMT) and 'Precinct by Precinct Unofficial Results' (Precinct Results Report, Run Time 7:56 PM, per-precinct Absentee, Early and Election Day votes, Last-Modified 01:12:05 GMT = 8:12 PM CDT); both say 'Precincts Reporting 0 of 21' although election-day votes are included. 2026 primary: only 'Unofficial March 3, 2026 Election Results' = 'FINAL-Cumulative Results-3-6-2026 04-08-24 PM' (run Mar 6) and an official cumulative file; no precinct report or election-night file, although this county posts precinct reports for other elections. 2024 general: the '11/5/2024' menu lists 'General Election Unofficial Results' and official cumulative, precinct and canvass results, but every one of those links is href='#' (no file). The 'Archived Election Results' page stops at 2022. Check 3 pending (wayback-data branch not on origin). Rule 47 applied 2026-10-02 (normalize-47): none. Contact from TX SOS county election officials list (page sha256 065e1ebd63c5)."
Houston,PRECINCT_END_OF_NIGHT,med,(936) 544-3255 ext. 243,clum@co.houston.tx.us,https://www.co.houston.tx.us/page/houston.Elections,county_pdfs,www.co.houston.tx.us,https://www.co.houston.tx.us/upload/page/2956/2024%20Nov/UnOfficial%20PCT%20x%20PCT%2011-5-24.pdf,,2024-11-05 23:12 CT,n,,,"Seed default.aspx URL replaced by https://www.co.houston.tx.us/page/houston.Elections. No Clarity link; for each election the page posts an unofficial 'Election Total' and an unofficial 'Precinct by Precinct' PDF (signed, scanned Electionware Precinct Summary reports, no text layer; read visually), then official versions. Unofficial precinct files: 2024 general 'UnOfficial PCT x PCT 11-5-24' (84 pages, 'Precinct Summary - 11/05/2024 10:13 PM', Last-Modified Wed, 06 Nov 2024 05:12:31 GMT = 11:12 PM CST); 2026 primary 'Unofficial Pct x Pct Results' (421 pages, 'Precinct Summary - 03/03/2026 10:43 PM', Last-Modified Wed, 04 Mar 2026 05:59:38 GMT = 11:59 PM CST); 2026 runoff 'Unofficial PCT x PCT' (63 pages, 'Precinct Summary - 05/26/2026 8:21 PM', Last-Modified Wed, 27 May 2026 03:12:38 GMT = 10:12 PM CDT). Only one unofficial precinct file per election is posted, so this is one night posting each. Check 3 pending (wayback-data branch not on origin). Rule 47 applied 2026-10-02 (normalize-47): none. Contact from TX SOS county election officials list (page sha256 065e1ebd63c5)."
Howard,UNKNOWN,low,(432) 264-2273,jodiduck.ea@gmail.com,https://www.co.howard.tx.us/1263/Election-Results,county_pdfs,www.co.howard.tx.us,,,,n,,,"Seed default.aspx URL replaced by https://www.co.howard.tx.us/ (CivicPlus). Check 1: no Clarity election list (elections.json 404). The Election Results page says 'Find posted election results and related reports' and links 'View Howard County Election Results' to DocumentCenter/Index/79 and 'View Texas Election Results' to the state portal; the Document Center folder contents are loaded by JavaScript (docCenterFrontendAndRelatedBidAndJobsApp.react.js) and are not in the fetched HTML, so no results files could be listed or read. Check 2 therefore failed for all three elections. This server also stamps pages with the request time as Last-Modified. Check 3 pending (wayback-data branch not on origin). Contact from TX SOS county election officials list (page sha256 065e1ebd63c5)."
Hudspeth,COUNTY_ONLY_PRECINCT_AT_CANVASS,med,(915) 369-2301,bsanchez.depclk1@gmail.com,https://www.co.hudspeth.tx.us/page/Elections%202025-2026,county_pdfs,www.co.hudspeth.tx.us,https://www.co.hudspeth.tx.us/upload/page/0118/2026/Cumulative%20Results-3-3-2026%2011-03-10%20PM%20Republican.pdf,,,n,,,"No website in the seed list; the county site co.hudspeth.tx.us (https) has 'Elections 2025-2026' and 'Elections Results 2025 and Earlier' pages listing Hart InterCivic report PDFs. No Clarity site (elections.json 404). The server gives real per-file Last-Modified values (they differ by file and match file-name stamps), so upload times are usable. Hudspeth is Mountain time: MST (UTC-7) in Nov and Mar, MDT (UTC-6) in May. The Elections Home page also points to state-wide results (results.texas-election.com). Check 3 pending (wayback-data branch not found on origin). Rule 43 applied 2026-10-02 (normalize-1): 2024_general LATER kept, county_totals_first_seen 2024-11-05 22:05 MT; 2026_runoff LATER to UNDETERMINED. Contact from TX SOS county election officials list (page sha256 065e1ebd63c5)."
Hunt,LIVE_PRECINCT,high,(903) 454-5467,elections@huntcounty.net,https://www.huntcounty.net/page/election.2026,clarity_style,results.enr.clarityelections.com,https://results.enr.clarityelections.com/TX/Hunt/122429/352455/reports/detailxml.zip,,2024-11-05 20:19 CT,n,,,"County pages 'Elections: 2026' and 'Past Election Results' link each election to Clarity: 2024 general EID 122429, 2026 primary EID 125942, 2026 runoff EID 126349. Clarity's elections.json does not list them, so check 1 was run with these EIDs. Candidate-only precinct sums were computed from the cached detail.xml files, because the check 1 script also counts contest-level undervotes. 2026 primary: the 7:11 PM update shows 303723 votes under the 'Election' vote type and 0 under 'Early', and the 1:07 AM update moves them to 'Early', so the first update looks like early votes with a wrong label; election-day precinct votes then rise across later night updates. 2026 runoff: every night update has candidate precinct values 'N/A' (870 cells). The county's 'Night Reporting' runoff precinct PDFs ('PRECINCT RESULTS - REPUBLICAN PARTY' and '- DEMOCRATIC PARTY') were created June 2, 2026 (Run Time 9:28 AM and 9:24 AM; Last-Modified Tue, 07 Jul 2026). Re-run with the updated check 1 script (election-day precinct votes counted separately): 2024 general 5/6 night updates with election-day precinct votes, 2026 primary 9/10, 2026 runoff 0/5. Rule 43 applied 2026-10-02 (normalize-1): 2026_runoff LATER kept, county_totals_first_seen 2026-05-26 19:17 CT. Contact from TX SOS county election officials list (page sha256 065e1ebd63c5)."
Hutchinson,UNKNOWN,low,(806) 878-4002,co.clerk@hutchinsoncnty.com,https://www.co.hutchinson.tx.us/county-information/election-information/election-information-and-results/,county_pdfs,www.co.hutchinson.tx.us,https://www.co.hutchinson.tx.us/media/uk0je5o1/precinct-by-precinct-republican.pdf,,,n,,,"Verifier disagreement: research tag UNKNOWN, verifier tag PRECINCT_END_OF_NIGHT; set to UNKNOWN per rule. County 'Election Information and Results' page (Umbraco /media/ files) posts, per election, an unofficial summary and an unofficial 'Precinct by Precinct' report, then official ones. No Clarity link. Every file's server Last-Modified is in August 2026 (for example Wed, 12 Aug 2026 15:38:28 GMT for the 2024 file; Mon, 10 Aug 2026 for the 2026 files), which reflects a later re-upload or site move, so the server gives no election-night upload evidence. The printed report times and PDF CreationDates of the unofficial precinct reports are all on election night: 2024 general 'Precinct Summary - 11/05/2024 9:55 PM' (scan CreationDate 2024-11-06 04:01 UTC); 2026 primary 'PRECINCT BY PRECINCT REPULICAN - 03/03/2026 10:08 PM' (CreationDate 2026-03-04 04:11 UTC); 2026 runoff 'UNOFFICIAL REPUBLICAN RESULTS - 05/26/2026 9:31 PM' (scan CreationDate 2026-05-27 02:47 UTC). Each election has a single unofficial precinct report. Results are END on printed run time only (low); check 3 could confirm the posting time. Scanned files read visually. Rule 47 applied 2026-10-02 (normalize-47): 2024_general END to UNDETERMINED (precinct report 2024-general-precint-by-precinct-unofficial-results.pdf uploaded 2026-08-12 10:38 CT; printed 2024-11-05 21:55 CT); night_updates_with_precinct_numbers cleared; 2026_primary END to UNDETERMINED (precinct report precinct-by-precinct-republican.pdf uploaded 2026-08-10 14:06 CT; printed 2026-03-03 22:08 CT); night_updates_with_precinct_numbers cleared; 2026_runoff END to UNDETERMINED (precinct report precinct-by-precinct-republican.pdf uploaded 2026-08-10 09:25 CT; printed 2026-05-26 21:31 CT); night_updates_with_precinct_numbers cleared; tag PRECINCT_END_OF_NIGHT to UNKNOWN. Check 3 pending for the elections changed to UNDETERMINED. Contact from TX SOS county election officials list (page sha256 065e1ebd63c5)."
Irion,UNKNOWN,low,(325) 835-2421,Shirley.graham@co.irion.tx.us,https://www.co.irion.tx.us/1208/Notices,county_pdfs,www.co.irion.tx.us,https://www.co.irion.tx.us/DocumentCenter/View/302/Unofficial-March-3-2026-Precinct-by-Precinct-PDF,,,n,,,"County site is CivicPlus (co.irion.tx.us); its Elections > Notices page has a 'Results' tab listing only 2026 primary items: 'Unofficial March 3, 2026 Primary (PDF)', 'Unofficial March 3, 2026 Precinct by Precinct (PDF)' and hand count audit certifications. The server stamps every file with the request time as Last-Modified, so it gives no upload evidence. The precinct file is a scan (VersaLink C605) of a Hart 'Precinct Results Report ... Unofficial Results ... Run Time 7:58 PM Run Date 03/03/2026' with per-precinct Absentee, Early and Election Day votes, but the scan's CreationDate is 2026-03-04 15:43:21 UTC (9:43 AM CST March 4), so this file could not have been posted on election night. No 2024 general or 2026 runoff results are posted. No Clarity link. Check 3 pending (wayback-data branch not on origin). Rule 43 applied 2026-10-02 (normalize-1): 2026_primary LATER to UNDETERMINED. Contact from TX SOS county election officials list (page sha256 065e1ebd63c5)."
Jack,UNKNOWN,low,(940) 567-2910,elections@jackcounty.org,https://www.jackcounty.org/pages/EA/Election_Results.html,unknown,www.jackcounty.org,,,,n,,,Check 2 failed: https://www.jackcounty.org/ fails TLS verification (certificate has expired); http://www.jackcounty.org/ and the results page http://www.jackcounty.org/pages/EA/Election_Results.html return 403; https://www.jackcounty.texas.gov/ (domain of the SOS ABBM email) returns 403. TLS checks were not bypassed. One web search located the county 'Election Results' page URL but it could not be fetched. No Clarity link found. Check 3 pending (wayback-data branch not on origin). Contact from TX SOS county election officials list (page sha256 065e1ebd63c5).
Jackson,COUNTY_ONLY_PRECINCT_AT_CANVASS,low,(361) 782-3563,k.respondek@co.jackson.tx.us,https://www.co.jackson.tx.us/page/Voting.2026.Elections,county_pdfs,www.co.jackson.tx.us,https://www.co.jackson.tx.us/upload/page/0112/DOC328.pdf,,,n,,,"Seed URL redirects to https://www.co.jackson.tx.us/. The '2026 Elections' page lists under ELECTION RESULTS only the 2026 primary: 'UNOFFICIAL March 3, 2026 Joint Primary Results' (DOC328.pdf, scanned Electionware Summary Results Report, county totals, footer 'Election Summary - 03/03/2026 21:05 PM', Last-Modified Wed, 04 Mar 2026 05:46:50 GMT = 11:46 PM CST) and two SOS 'Election Unofficial Results Report' files. No precinct report is posted. No 2026 runoff or 2024 general results are posted on the county elections pages, which point to the SOS results site. No Clarity link. Check 3 pending (wayback-data branch not on origin). Contact from TX SOS county election officials list (page sha256 065e1ebd63c5)."
Jasper,UNKNOWN,low,(409) 384-2632,patty.wagstaff@co.jasper.tx.us,https://www.co.jasper.tx.us/page/Elections,county_pdfs,www.co.jasper.tx.us,https://www.co.jasper.tx.us/upload/page/0095/3326%20Unofficial%20Summary%20Totals.pdf,,,n,,,"County Elections page (co.jasper.tx.us) links 'Election Results/Voting History' to the SOS historical site and posts PDFs for 2026 only. 2026 primary: 'Unofficial Totals' = Electionware Summary Results Report, county totals (scan CreationDate 2026-03-04 18:29 UTC, Last-Modified Thu, 05 Mar 2026 21:41:18 GMT); 'Official PCT by PCT Results' (CreationDate 2026-03-10, Last-Modified Fri, 20 Mar 2026 19:00:51 GMT) is the only precinct file. 2026 runoff: only 'Official Summary Results', 'Official Pct by Pct Results', canvass notice and audit certification; no unofficial or election-night file. 2024 general: no results on the page. No Clarity link. Check 3 pending (wayback-data branch not on origin). Rule 43 applied 2026-10-02 (normalize-4): 2026_primary LATER to UNDETERMINED. Contact from TX SOS county election officials list (page sha256 065e1ebd63c5)."
Jeff Davis,COUNTY_ONLY_PRECINCT_AT_CANVASS,low,(432) 426-3251,jennifer.wright@jeffdaviscounty.texas.gov,https://www.jeffdaviscounty.texas.gov/page/jeffdavis.Elections,county_pdfs,www.jeffdaviscounty.texas.gov,https://www.jeffdaviscounty.texas.gov/upload/page/6574/UNOFFICIAL%20RESULTS%20Absentee%20Early%20Voting%20and%20Election%20Day%20Summary%20Results%20Report%20by%20Precinct.pdf,,,n,,,"County Elections page posts Electionware PDF reports per election; no Clarity link (it links the SOS historical results). Jeff Davis County is on Central time. 2024 general: 'Unofficial Election Results By Precinct EV & Absentee & ED Nov 5 2024' printed 'Precinct Summary - 11/06/2024 12:20 PM', Last-Modified Thu, 07 Nov 2024 16:54:25 GMT. 2026 primary: 'UNOFFICIAL RESULTS ... Summary Results Report by Precinct' printed 'Precinct Summary - 03/05/2026 9:45 AM', Last-Modified Thu, 05 Mar 2026 22:43:28 GMT. 2026 runoff: only 'Unofficial Results Joint Primary Runoff Election Absentee, Early Voting and Election Day Summary' (county totals, 'Election Summary - 05/26/2026 8:44 PM', Last-Modified Wed, 27 May 2026 02:33:59 GMT = 9:33 PM CDT) and an official results file; no unofficial runoff precinct report. Check 3 pending (wayback-data branch not on origin). Rule 43 applied 2026-10-02 (normalize-1): 2024_general LATER to UNDETERMINED; 2026_primary LATER to UNDETERMINED. Contact from TX SOS county election officials list (page sha256 065e1ebd63c5)."
Jefferson,LIVE_PRECINCT,high,(409) 835-8480,countyclerk@jeffcotx.us,https://jefferson-tx.connect4.clarityelections.com/,clarity_style,results.enr.clarityelections.com,https://results.enr.clarityelections.com/TX/Jefferson/122828/351551/reports/detailxml.zip,,11/5/2024 8:33:08 PM CST,n,,,"The SOS seed website for Jefferson is the county's Clarity Connect elections site (jefferson-tx.connect4.clarityelections.com). That site, and the two other county election domains found by one web search (www.jeffcotxvotes.gov and www.jeffersonelections.com), return an empty HTTP 202 to every request (bot protection); this was not worked around. www.jeffersoncountytx.gov is unreachable through the fetch module (robots check failed). Check 1: Clarity's elections.json for TX/Jefferson does not list the 2024 general, 2026 primary or 2026 runoff, and no county page could be read to obtain their EIDs (IDs were not probed). Checks 1 and 2 therefore failed. Check 3 pending (wayback-data branch not on origin). Targeted pass 2026-10-02 (orchestrator): check 1 applied after bounded Clarity ID search: 2024_general: UNDETERMINED -> LIVE; 2026_primary: UNDETERMINED -> LIVE; 2026_runoff: UNDETERMINED -> LIVE. Contact from TX SOS county election officials list (page sha256 065e1ebd63c5)."
Jim Hogg,PRECINCT_END_OF_NIGHT,low,(361) 527-4031,zonia.morales@co.jim-hogg.tx.us,https://www.co.jim-hogg.tx.us/page/jim-hogg.Elections,county_pdfs,www.co.jim-hogg.tx.us,https://www.co.jim-hogg.tx.us/upload/page/9530/2026/Unofficial%20Precinct%20Results-3-3-2026.pdf,,2026-03-04 00:41 CT,n,,,"No Clarity site (elections.json 404). The county Elections page lists, per election, 'Unofficial Precinct Results' and 'Unofficial Cumulative Results' PDFs (text PDFs from the tabulation system, with Absentee, Early and Election Day columns per precinct) plus official precinct, cumulative and canvass reports. The server gives each file its own Last-Modified (not the request time), so upload times are usable; a file replaced later would hide an earlier upload. 2024 general: precinct report printed 'Run Time 7:39 PM Run Date 11/05/2024' (PDF ModDate 6 Nov 2024 02:01 UTC = 8:01 PM CST) but Last-Modified Wed, 06 Nov 2024 13:25:31 GMT = 7:25 AM CST Nov 6, after election night; the county-total report has Last-Modified 13:26:01 GMT. 2026 primary: precinct report printed 'Run Time 8:47 PM Run Date 03/03/2026', Last-Modified Wed, 04 Mar 2026 06:41:37 GMT = 12:41 AM CST, on election night; its precinct numbers equal the official precinct report (e.g. precinct 1 Jasmine Crockett 4 / 40 / 29 / 73). 2026 runoff: precinct report printed 'Run Time 7:16 PM Run Date 05/26/2026', Last-Modified Wed, 27 May 2026 18:23:42 GMT = 1:23 PM CDT May 27, after election night; numbers equal the official precinct report. Check 3 (Wayback) pending: origin/wayback-data not present, so earlier election-night uploads that were later replaced cannot be ruled out for 2024 and the runoff. Rule 43 applied 2026-10-02 (normalize-4): 2024_general LATER to UNDETERMINED; 2026_runoff LATER to UNDETERMINED. Rule 47 applied 2026-10-02 (normalize-47): none. Contact from TX SOS county election officials list (page sha256 065e1ebd63c5)."
Jim Wells,COUNTY_ONLY_PRECINCT_AT_CANVASS,med,(361) 668-5711,richard.guerra@co.jim-wells.tx.us,https://jimwellscountyelections.gov/all-official-notices/,county_pdfs,jimwellscountyelections.gov,https://jimwellscountyelections.gov/wp-content/uploads/2026/03/Unofficial-Cumulative-Results-3-3-2026-08-56-04-PM.pdf,,,n,,,"County site links to the elections office site jimwellscountyelections.gov (WordPress), whose 'All Notices' page lists every posted file; file names carry the Hart report run time. Its 'Election History' link (electionhistory.jimwellscountyelections.gov, an ElectionStats ballot verifier loaded by JavaScript) is a post-election archive. No Clarity link. 2024 general: night cumulative county totals 'Unoffical-on-ED-Cumulative-Results-11-5-2024-07-41-11-PM' and '2024-General-UNOFFICIAL-Cumulative-Results-11-5-2024-10-17-17-PM'; the first precinct file is '2024-GENERAL-ELECTION-UNOFFICIAL-Precinct-Results-11-6-2024-11-31-46-AM' (Last-Modified Wed, 06 Nov 2024 16:30:34 GMT; PDF CreationDate 17:32 UTC, so the two clocks differ by about an hour). 2026 primary: night file 'Unofficial-Cumulative-Results-3-3-2026-08-56-04-PM' (county totals, Last-Modified Wed, 04 Mar 2026 03:00:43 GMT = 9:00 PM CST), then 'Unofficial-after-EVBB-Cumulative-Results-3-9-2026' and the only precinct file 'FINAL-AFTER-CANVASS-6735-TOTAL-Precinct-Results-3-17-2026'. 2026 runoff: only 'UNOFFICIAL-Cumulative-Results-5-26-2026-08-22-37-PM' (county totals, Last-Modified Wed, 27 May 2026 01:25:43 GMT = 8:25 PM CDT); no runoff precinct file. Check 3 pending (wayback-data branch not on origin). Contact from TX SOS county election officials list (page sha256 065e1ebd63c5)."
Johnson,UNKNOWN,low,(817) 556-6197,Joycea@johnsoncountytx.org,https://www.johnsoncountytx.org/departments/elections-office,unknown,www.johnsoncountytx.org,,,,n,,,"Check 1: no Clarity election list for TX/Johnson (elections.json 404). Check 2 failed: the seed elections page and the county homepage (www.johnsoncountytx.org) return HTTP 403 to every request (bot protection), which was not worked around. One web search for the county's results page returned only unrelated pages (Johnson County, Kansas) and general sources, so no vendor site was found. Check 3 pending (wayback-data branch not on origin). Targeted pass 3 2026-10-02 (targeted3-D): no election changed. Check 3 now available: wayback-data has election-night captures of www.johnsoncountytx.org/departments/elections-office for 2024 general only (21:04 to 02:15 CST); they show navigation links 'General Election Results November 5th' (/departments/elections-office/election-results/general-election-results-november-5th) and a 'Ballot Counting Room Livestream', but no results content and no capture of the results subpage; no captures for the 2026 primary or runoff. County site still HTTP 403 to the fetch module (including /home/showpublisheddocument/19901/... and /17586/... found by search); not worked around. Two web searches (Cleburne/Johnson County results) found only Kansas, Missouri and Wyoming pages. Sweep pending. Contact from TX SOS county election officials list (page sha256 065e1ebd63c5)."
Jones,COUNTY_ONLY_PRECINCT_AT_CANVASS,low,(325) 823-3762,leeann.jennings@co.jones.tx.us,https://www.co.jones.tx.us/page/jones.Elections,county_pdfs,www.co.jones.tx.us,https://www.co.jones.tx.us/upload/page/1299/5.26.2026%20Unoffical%20Election%20Results.pdf,,,n,,,"Seed default.aspx URL replaced by https://www.co.jones.tx.us/. No Clarity link. The county homepage still carries 'ELECTION RESULTS - Unofficial Election Results from the May 26, 2026 Primary Runoff Election' (Electionware 'Grand Total UNOFFICIAL RESULTS', county totals, footer 'Election Summary - 05/26/2026 7:59 PM', Last-Modified Wed, 27 May 2026 01:26:38 GMT = 8:26 PM CDT). The Elections page lists per election a 'Grand Total' and a 'Precinct by Precinct' file; the precinct files checked are all official and post-canvass: runoff 'Precinct by Precinct OFFICIAL RESULTS' ('Precinct Summary - 05/28/2026 5:14 PM', Last-Modified Thu, 04 Jun 2026 18:01:29 GMT); 2026 primary 'Pct by Pct Results OFFICIAL RESULTS' (CreationDate 2026-03-06, Last-Modified Fri, 13 Mar 2026 16:36:12 GMT); 2024 general precinct file is a scan dated 2024-11-13 (Last-Modified Wed, 13 Nov 2024 15:51:33 GMT). For the 2024 general and 2026 primary no election-night file survives. Check 3 pending (wayback-data branch not on origin). Contact from TX SOS county election officials list (page sha256 065e1ebd63c5)."
Karnes,COUNTY_ONLY_PRECINCT_AT_CANVASS,low,(830) 780-2246,electionsadmin@co.karnes.tx.us,https://www.co.karnes.tx.us/page/karnes.Elections,county_pdfs,www.co.karnes.tx.us,https://www.co.karnes.tx.us/upload/page/1033/5.26.2026%20Republican%20Unofficial.pdf,,,n,,,"Seed URL redirects to https://www.co.karnes.tx.us/; the Elections page posts Hart PDF reports per election. No Clarity link. 2026 runoff: 'REPUBLICAN' and 'DEMOCRAT' unofficial files (scanned Hart 'Cumulative Results Report ... Unofficial Results ... Run Time 8:35 PM Run Date 05/26/2026', county totals; Republican Last-Modified Wed, 27 May 2026 01:55:23 GMT = 8:55 PM CDT), later 'PRECINCT REPORT - REP' ('Official Results', Run Date 06/05/2026, Last-Modified Fri, 05 Jun 2026 17:50:58 GMT). 2026 primary: only official cumulative files and 'Republican Primary Precinct Results 03.03.2026' ('Official Results', Run Date 03/23/2026, Last-Modified Mon, 23 Mar 2026 20:05:06 GMT); no unofficial or election-night file. 2024 general: only 'Official Results 11.5.2024'. Check 3 pending (wayback-data branch not on origin). Contact from TX SOS county election officials list (page sha256 065e1ebd63c5)."
Kaufman,LIVE_PRECINCT,high,(469) 376-4595,elections@kaufmancounty.net,https://results.enr.clarityelections.com/TX/Kaufman/,clarity_style,results.enr.clarityelections.com,https://results.enr.clarityelections.com/TX/Kaufman/125939/368521/reports/detailxml.zip,,2024-11-05 20:39 CT,n,,,"County Elections page (kaufmancounty.net/237/Elections) links 'View election results' to results.enr.clarityelections.com/TX/Kaufman/. Check 1 (updated script, election-day precinct votes counted separately): 2024 general EID 122824 7/8 night updates with election-day precinct votes; 2026 primary EID 125939 10/11; 2026 runoff EID 126350 6/7. Kaufman's Clarity files stamp times in Eastern time (EST/EDT): the first night update of each election is at about 8:00 PM Eastern, which is poll close at 7:00 PM Central, so local Central times here are the Clarity times minus one hour. The script's 'first update with election-day precinct votes' for the runoff (5/6/2026 2:14:33 PM EDT) is a pre-election update with small test-like totals, not election night; the first election-night one is 9:27:59 PM EDT (8:27 PM CDT). Candidate-only election-day precinct sums were also computed from the cached files and agree. Contact from TX SOS county election officials list (page sha256 065e1ebd63c5)."
Kendall,LIVE_PRECINCT,high,(830) 331-8701,elections@co.kendall.tx.us,https://www.co.kendall.tx.us/220/Election-Results-Past-Present,clarity_style,results.enr.clarityelections.com,https://results.enr.clarityelections.com/TX/Kendall/126002/368437/reports/detailxml.zip,,2026-03-03 19:16 CT,n,,,"Seed domain www.kendallcountytx.gov reset the connection on robots.txt (fetch module refused); the same CivicPlus site on www.co.kendall.tx.us loads (found by one web search). Clarity elections.json is an empty list, so EIDs were taken from the county's Election Results (Past & Present) page. In each election the first night update (7:23 PM 2024, 7:16 PM primary, 7:01 PM runoff) carries early-vote precinct numbers only; election-day precinct votes then grow across later night updates (2024: 2 updates; primary: 3; runoff: 3). Several versions return 404. 2024 also has a pre-election version stamped 10/23/2024 8:04 PM with nonzero precinct values (not on election night, ignored). Check 3 not needed. Contact from TX SOS county election officials list (page sha256 065e1ebd63c5)."
Kenedy,COUNTY_ONLY_PRECINCT_AT_CANVASS,low,(361) 294-5255,sgarza@co.kenedy.tx.us,https://kenedycountyelections.com/current-election/,county_pdfs,kenedycountyelections.com,https://kenedycountyelections.com/wp-content/uploads/simple-file-list/05_26_26-Pct-Report.pdf,,,n,,,"Seed http://www.co.kenedy.tx.us/ returned 403; https redirects to www.kenedycountytx.gov whose Elections page links kenedycountyelections.com (WordPress). Results are scanned PDFs (VersaLink C405 scanner, no text layer, so contents read only from titles). The server's Last-Modified values are all midnight GMT dates (day granularity), so they are not usable as upload times; PDF CreationDate (scan time) shows every summary and precinct report was created after election night. No Clarity link. The page also links the SOS ENR (goelect.txelections.civixapps.com). Whether anything was posted on election night itself is not shown; check 3 pending. Rule 43 applied 2026-10-02 (normalize-1): 2024_general LATER to UNDETERMINED; 2026_primary LATER kept, county_totals_first_seen 2026-03-03 20:22 CT; 2026_runoff LATER to UNDETERMINED. Contact from TX SOS county election officials list (page sha256 065e1ebd63c5)."
Kent,UNKNOWN,low,(806) 237-3881,craig.harrison@co.kent.tx.us,https://www.co.kent.tx.us/page/kent.Elections,county_pdfs,www.co.kent.tx.us,https://www.co.kent.tx.us/upload/page/11626/REPUBLICAN%20PARTY%20PRIMARY%20CERTIFIED%20ELECTION%20RESULTS.pdf,,,n,,,"No website in the SOS seed list; one web search found www.co.kent.tx.us. First attempts failed (robots.txt connection reset); a retry about 10 minutes later succeeded. No Clarity site (elections.json 404). The Elections page lists 2025 and 2026 notices, sample ballots, and, as the only results, certified (post-canvass) county-total results for the March 2026 primary, uploaded 24 Mar 2026. No results are listed for the 2024 general or the 2026 runoff (could be NONE or removed; not assigned without evidence). Check 3 pending for those. Rule 43 applied 2026-10-02 (normalize-4): 2026_primary LATER to UNDETERMINED. Contact from TX SOS county election officials list (page sha256 065e1ebd63c5)."
Kerr,UNKNOWN,low,(830) 792-2255,Elections@co.kerr.tx.us,https://legacy.co.kerr.tx.us/elections/results/,county_pdfs,legacy.co.kerr.tx.us,,,,n,,,"Seed http://www.co.kerr.tx.us/elections/ is unreachable (proxy CONNECT rejected / robots unreachable). Current site www.kerrcountytx.gov Elections page loads and links 'Elections Results' at https://legacy.co.kerr.tx.us/elections/results/ plus 'Official Republican Primary Run-Off Election Results 05/26/2026' and 'Official Democratic Primary Run-Off Election Results 05/26/2026' (legacy.co.kerr.tx.us/elections/docs/2026-05-26/...) and SOS results. The legacy host fails TLS certificate verification in the fetch module (CERTIFICATE_VERIFY_FAILED, unable to get local issuer certificate); http also fails, so no report list or upload times could be read. Platform county_pdfs is from the link paths only. Clarity elections.json 404. Check 3 pending. Targeted pass 3 2026-10-02 (targeted3-C): no election changed. Tried: (1) legacy.co.kerr.tx.us over https and http: still refused by the fetch module (robots_disallowed_or_unreachable), so no report files or upload times could be read; the kerrcountytx.gov Elections page still links only the official runoff results there. (2) Check 4: The Kerr County Lead live election-night articles for the 2026 primary, 'Tom Jones leads county judge race...' (published 2026-03-04T02:40:53Z = 8:40 PM CST, table 'Early Voting Results - 0 of 20 precincts reporting Updated: 8:03 PM', credited 'Results: Kerr County Elections Administration', hash 87cf34d4...) and 'Three commissioner races...' (2026-03-04T04:59:56Z = 10:59 PM CST, 'eight of 20 precincts in', hash bbd1b897...), give county totals by race only, no per-precinct numbers. They show the county released cumulative updates through election night but not whether precinct numbers were posted, so they are leads only. Wayback harvest for co.kerr.tx.us failed (connection refused). Sweep pending. Contact from TX SOS county election officials list (page sha256 065e1ebd63c5)."
Kimble,COUNTY_ONLY_PRECINCT_AT_CANVASS,med,(325) 446-3353,k.page@co.kimble.tx.us,https://www.co.kimble.tx.us/page/Elections,county_pdfs,www.co.kimble.tx.us,https://www.co.kimble.tx.us/upload/page/0089/Final%20Cumulative%20Results-3-3-2026%2009-12-51%20PM.pdf,,,n,,,"Seed http://www.co.kimble.tx.us/ works over https. No Clarity site (elections.json 404). Results are Microsoft Reporting Services 'Cumulative Results Report' PDFs (county totals, 7 precincts) posted on the Elections page (2026) and Elections Archive page (2024). No precinct-by-precinct report is listed for any of the three elections, so precinct numbers are never published online. Server Last-Modified values differ per file (meaningful); 2024 and 2026 primary unofficial reports were uploaded on election night; the runoff copy found was re-uploaded 30 Jun 2026. 2024 archive entry over http returned 403; https works. Rule 43 applied 2026-10-02 (normalize-1): 2026_runoff LATER kept, county_totals_first_seen 2026-05-26 19:34 CT. Contact from TX SOS county election officials list (page sha256 065e1ebd63c5)."
King,UNKNOWN,low,(806) 596-4412,kcdclerk@gmail.com,https://www.co.king.tx.us/,county_pdfs,www.co.king.tx.us,,,,n,,,"No website in the SOS seed list. One web search found no King County, Texas site; the conventional domain www.co.king.tx.us was unreachable at first (robots.txt connection reset) and loaded on a later retry. Its home page lists election files. 'Republican Election Totals' (Last-Modified Wed, 18 Mar 2026 15:29:07 GMT, scanned, read visually) is actually a '2020 King County General Election Results-- NOV 3' table with per-precinct EV and ED columns, not 2026 results. '28 May 2026 Canvas Runoff Election' (Last-Modified 27 May 2026) is a notice of the canvass meeting ('CANVASS OF MAY 26, 2026 ... Thursday, May 28, 2026, at 10:00 a.m.'), not results. 'Election Results' (King Co Elecetion Results.pdf) has Last-Modified 10 Jul 2024, before the 2024 general. No results for the three target elections were found. No Clarity site (elections.json 404). Check 3 pending. Contact from TX SOS county election officials list (page sha256 065e1ebd63c5)."
Kinney,COUNTY_ONLY_PRECINCT_AT_CANVASS,med,(830) 563-2521 ext. 3,clerk.ralvarado@co.kinney.tx.us,https://www.co.kinney.tx.us/page/Elections.2026,county_pdfs,www.co.kinney.tx.us,https://www.co.kinney.tx.us/upload/page/0118/2026/Unofficial%20Results.pdf,,,n,,,"Seed URL was first unreachable (robots.txt connection reset) and loaded on a retry about 20 minutes later. No Clarity site (elections.json 404). Results are scanned Electionware 'Election Summary Results Report' PDFs (county totals); no precinct reports are listed for any of the three elections. Only the 2026 primary file was uploaded on election night; the 2024 and runoff files now online were uploaded the next day (they may have replaced election-night copies). Last-Modified differs per file. Rule 43 applied 2026-10-02 (normalize-1): 2024_general LATER kept, county_totals_first_seen 2024-11-05 21:34 CT; 2026_runoff LATER kept, county_totals_first_seen 2026-05-26 21:56 CT. Contact from TX SOS county election officials list (page sha256 065e1ebd63c5)."
Kleberg,COUNTY_ONLY_PRECINCT_AT_CANVASS,med,(361) 595-8548,sbarrera@co.kleberg.tx.us,https://www.co.kleberg.tx.us/page/kleberg.Elections,county_pdfs,www.co.kleberg.tx.us,https://www.co.kleberg.tx.us/upload/page/6346/Republican%20Unofficial%20Precinct%20Summary%20Results%20May%2026%20%202026%20Primary%20Runoff.pdf,,,n,,,"Seed URL redirects to the CIRA page /page/kleberg.Elections, which lists all results PDFs. No Clarity site (elections.json 404). All fetched results PDFs are scanned images without text or PDF dates, so contents are read from titles and upload times from Last-Modified (values differ per file, so meaningful). 2026 runoff: county summary uploaded on election night, unofficial precinct reports uploaded 2 Jun 2026. 2026 primary: only summary reports listed. 2024 general: only summary, official and canvass reports listed (the election-night upload, if any, is not visible now). Check 3 pending for any election-night posting not listed now. Rule 43 applied 2026-10-02 (normalize-1): 2024_general LATER to UNDETERMINED. Contact from TX SOS county election officials list (page sha256 065e1ebd63c5)."
Knox,UNKNOWN,low,(940) 459-2441,Deputyclerk1@knoxcountytexas.org,https://www.knoxcountytexas.org/page/knox.elections,unknown,www.knoxcountytexas.org,,,,n,,,"Seed www.knoxcountytexas.org loads; its Elections page (fetched 2 Oct 2026) lists only November 3, 2026 general election items (dates, polling locations image, ballot by mail applications, notices, sample ballots per precinct) and a VoteTexas.gov link. No results files for any past election are listed there, nor on the County Clerk or Public Notices pages. No Clarity site (elections.json 404). Results may have been posted and later removed, or never posted; the current site cannot tell which, so no election is determined (NONE not assigned without evidence of what was posted at the time). Check 3 pending. Contact from TX SOS county election officials list (page sha256 065e1ebd63c5)."
La Salle,UNKNOWN,low,(830) 483-5055,mireya.maldonado@co.la-salle.tx.us,https://www.co.la-salle.tx.us/index.php/offices/election-board,unknown,www.co.la-salle.tx.us,,,,n,,,"Seed URL and homepage on www.co.la-salle.tx.us returned HTTP 500 to the fetch module (2 Oct 2026). One web search found the elections department pages on www.co.la-salle.tx.us (unreachable, 500) and on lasallecountytx.com. The lasallecountytx.com Election Information and Elections Department pages load but list results only through November 2023 (Nov_23_Unofficial_Results.pdf, OFFICIAL_Canvass_Results-11-20-2023.pdf) and 2024 primary filing notices; nothing for the three target elections. Their Last-Modified header equals the request time (dynamic page, no upload evidence). No Clarity site (elections.json 404 for 'La Salle'). Check 3 pending. Contact from TX SOS county election officials list (page sha256 065e1ebd63c5)."
Lamar,UNKNOWN,low,(903) 782-1116,tjohnson@co.lamar.tx.us,https://www.co.lamar.tx.us/page/Elections,clarity_style,results.enr.clarityelections.com,https://results.enr.clarityelections.com/TX/Lamar/122497/351606/reports/detailxml.zip,,2024-11-05 19:14 CT,n,,,"Verifier disagreement: research tag PRECINCT_END_OF_NIGHT, verifier tag UNKNOWN; set to UNKNOWN per rule. Seed URL redirects to www.lamarcountytx.gov; its Elections page links 'Election Results' to results.enr.clarityelections.com/TX/Lamar/. Clarity elections.json lists all three elections (EIDs 122497, 126018, 126354). Classification uses election-day precinct votes: 2024 general had early-vote precinct numbers at 7:14 and 7:26 PM and election-day precinct votes in one update only (8:38 PM, the last version) = END. 2026 primary: election-day precinct votes in 3 night updates (7:49 PM, 7 precincts; 8:11 PM; 8:23 PM, 26 precincts) = LIVE. 2026 runoff: one night update (7:15 PM CDT, 5 precincts, the last election-night version) with election-day votes = END; an earlier 6:50 PM update had early votes. Several versions return 404 (2024: 8; primary: 3; runoff: 5), all before or between the readable ones, so an unreadable night update cannot be ruled out for 2024 (350800 between 10/18 and 7:14 PM) and runoff (372918 before 6:50 PM). Contact from TX SOS county election officials list (page sha256 065e1ebd63c5)."
Lamb,UNKNOWN,low,(806) 385-4222 ext. 210,rtrevino@co.lamb.tx.us,https://www.co.lamb.tx.us/page/ElectionsHome,county_pdfs,www.co.lamb.tx.us,https://www.co.lamb.tx.us/upload/page/0112/docs/Primary%20Runoff%20Results%205.26.26.pdf,,,n,,,"Verifier disagreement: research tag UNKNOWN, verifier tag COUNTY_ONLY_PRECINCT_AT_CANVASS; set to UNKNOWN per rule. Seed https://www.co.lamb.tx.us/ loads; the Elections & Voting page lists only the 2026 primary runoff results files (no archive of 2024 or the March 2026 primary). No Clarity site (elections.json 404). The runoff 'Unofficial Results' PDF is a scanned image with no text, so whether it is a precinct or summary report cannot be read; either way it was scanned and uploaded on May 27, after election night, so no precinct numbers were posted on election night as far as the current listing shows. 2024 general and 2026 primary: check 3 pending. Rule 43 applied 2026-10-02 (normalize-2): 2026_runoff LATER to UNDETERMINED. Contact from TX SOS county election officials list (page sha256 065e1ebd63c5)."
Lampasas,COUNTY_ONLY_PRECINCT_AT_CANVASS,med,(512) 556-8271 ext. 206,elections@co.lampasas.tx.us,https://www.co.lampasas.tx.us/page/lampasas.testpage2,county_pdfs,www.co.lampasas.tx.us,https://www.co.lampasas.tx.us/upload/page/8715/MARCH%203%202026%20PRIMARY%20RESULTS.pdf,,,n,,,"Seed https://www.co.lampasas.tx.us/ loads; Elections page is /page/lampasas.testpage2. No Clarity site (elections.json 404). Results are scanned Electionware 'Summary Results Report' PDFs (no text layer; page 1 of each was rendered and read visually). Both 2026 unofficial summaries carry printed election-night times and were uploaded on election night (Last-Modified differs per file). No precinct-by-precinct report is listed for either 2026 election, so precinct numbers are not published online. The page lists no November 5, 2024 general election results (2024 entries are the March primary, May local and May runoff only), so 2024 is check 3 pending. Contact from TX SOS county election officials list (page sha256 065e1ebd63c5)."
Lavaca,COUNTY_ONLY_PRECINCT_AT_CANVASS,low,(361) 798-3594,elections@co.lavaca.tx.us,https://www.co.lavaca.tx.us/page/Elections,county_pdfs,www.co.lavaca.tx.us,https://www.co.lavaca.tx.us/upload/page/0134/images/2026/May%2026%20RUNOFF/UNOFFICIAL%20RESULTS.1.jpg,,,n,,,"Seed URL works over https; Elections page /page/Elections lists results files. No Clarity site (elections.json 404). Results are scanned Electionware reports (PDF or JPG); runoff page 1 was read visually. Last-Modified values differ per file (meaningful). 2026 runoff: county summary posted on election night, no precinct report online. 2026 primary: only official and a 6 Mar 2026 precinct-by-precinct report listed. 2024 general: election-night posting not identifiable (the 'Unofficial Results' link is a Nov 2023 file); check 3 pending. An 'Archived Election Info 2022-2024' page exists but was not needed for the 2024 listing, which is on the main page. Rule 43 applied 2026-10-02 (normalize-2): 2026_primary LATER to UNDETERMINED. Contact from TX SOS county election officials list (page sha256 065e1ebd63c5)."
Lee,COUNTY_ONLY_PRECINCT_AT_CANVASS,low,(979) 540-2731,teresa.shed@co.lee.tx.us,https://www.co.lee.tx.us/page/lee.elections2026,county_pdfs,www.co.lee.tx.us,https://newtools.cira.state.tx.us/upload/page/12529/election%20day%200152626.pdf,,,n,,,"Seed URL loads; Elections pages per year (lee.elections2026, lee.Elections2024). Some files are served from newtools.cira.state.tx.us (the CIRA host behind the county site). No Clarity site (elections.json 404). Reports are scanned Electionware printouts; the runoff page was read visually (PDF CreationDate 00:48 UTC differs from printed 8:28 PM; scanner clock). Last-Modified differs per file (meaningful). The county links SOS results (results.texas-election.com). 2026 primary: no results report listed; check 3 pending. Rule 43 applied 2026-10-02 (normalize-2): 2024_general LATER to UNDETERMINED. Contact from TX SOS county election officials list (page sha256 065e1ebd63c5)."
Leon,UNKNOWN,low,(903) 536-4469,donna.kominczak@co.leon.tx.us,https://www.co.leon.tx.us/page/leon.Elections,county_pdfs,www.co.leon.tx.us,https://www.co.leon.tx.us/upload/page/4964/docs/110524%20GENERAL/110524%20UNOFFICIAL%20PCT%20BY%20PCT.pdf,,2024-11-05 21:42 CT,n,,,"Seed URL loads (CIRA page). No Clarity site (elections.json 404). Results are scanned Electionware reports; the 2024 precinct report has an OCR text layer, the 2026 primary summary was read visually. Last-Modified differs per file (meaningful). Printed footer times run later than PDF creation and upload times (2024: printed 10:06 PM vs upload 9:42 PM), so the printing machine clock is not reliable. 2024 general had an unofficial precinct-by-precinct report on election night (END); in 2026 the county posted only a county summary (primary, 4:01 AM next morning) or nothing unofficial (runoff), with precinct numbers only in official canvass reports. Rule 43 applied 2026-10-02 (normalize-2): 2026_runoff LATER to UNDETERMINED. Rule 43 applied 2026-10-02 (normalize-4): 2026_primary LATER kept, county_totals_first_seen 2026-03-04 00:15 CT. Rule 47 applied 2026-10-02 (normalize-47): none. Contact from TX SOS county election officials list (page sha256 065e1ebd63c5)."
Liberty,PRECINCT_END_OF_NIGHT,med,936-336-4670,elections@co.liberty.tx.us,https://www.co.liberty.tx.us/page/liberty.elections.2026-05-26,county_pdfs,www.co.liberty.tx.us,https://www.co.liberty.tx.us/upload/page/12641/Precinct%20Results-5-26-2026%2009-24-10%20PM.pdf,,2026-03-03 22:51 CT,n,,,"Seed URL loads; Elections page links per-election pages (archive pages for past elections, liberty.elections.2026-05-26 for the runoff). Clarity elections.json returned 403 (no Clarity link found on the county site). Reports are text PDFs from Microsoft Reporting Services with printed Run Time; Last-Modified differs per file (meaningful). In 2026 the county posted one unofficial precinct-by-precinct report on election night (primary 10:51 PM, runoff 9:32 PM); in 2024 only county cumulative totals were posted that night, and precinct results came with the official canvass on 14 Nov 2024. Precincts Reporting reads '0 of 22' on the 2026 reports although votes are present. Rule 47 applied 2026-10-02 (normalize-47): none. Contact from TX SOS county election officials list (page sha256 065e1ebd63c5)."
Limestone,UNKNOWN,low,(254) 729-4997,jennifer.southard@co.limestone.tx.us,https://www.co.limestone.tx.us/page/limestone.Elections,county_pdfs,www.co.limestone.tx.us,https://www.co.limestone.tx.us/upload/page/5631/2025%20-%20CURRENT/CANVASS%20-%20REP%20PRECINCT%20260303.pdf,,,n,,,"Seed URL loads; Elections page lists results PDFs (some on newtools.cira.state.tx.us) and an 'ARCHIVED ELECTION RESULTS' SharePoint folder (colimestone.sharepoint.com, not read). No Clarity site (elections.json 404). For 2024 and the 2026 primary only post-election (canvass-period) summary and precinct reports are listed; for the 2026 runoff no results report is listed. In earlier elections (March and May 2024) the county posted 'Final Unofficial' files, so election-night files may have existed and been replaced; the current listing cannot show that, so check 3 should confirm. Last-Modified differs per file. Rule 43 applied 2026-10-02 (normalize-2): 2024_general LATER to UNDETERMINED; 2026_primary LATER to UNDETERMINED. Contact from TX SOS county election officials list (page sha256 065e1ebd63c5)."
Lipscomb,PRECINCT_END_OF_NIGHT,med,(806) 862-3091,Chrissy.dunn@co.lipscomb.tx.us,https://www.co.lipscomb.tx.us/page/lipscomb.ElectionInformation,county_pdfs,www.co.lipscomb.tx.us,https://www.co.lipscomb.tx.us/upload/page/4352/2026/Primary/Unofficial%20Result%20Precinct%20Results-3-3-2026%2008-55-20%20PM.pdf,,2026-03-03 21:11 CT,n,,,"Seed URL loads; Election Information page lists results PDFs (Microsoft Reporting Services, text). No Clarity site (elections.json 404). Last-Modified differs per file. In 2026 the county posted one unofficial cumulative and one unofficial precinct report on election night for each election; in 2024 it posted only an unofficial cumulative report (and later official cumulative), no precinct report. Report header 'Precincts Reporting 0 of 7' although votes are present. Rule 47 applied 2026-10-02 (normalize-47): none. Contact from TX SOS county election officials list (page sha256 065e1ebd63c5)."
Live Oak,UNKNOWN,low,(361) 449-8034,elections@co.live-oak.tx.us,https://www.co.live-oak.tx.us/page/liveoak.Results,county_pdfs,www.co.live-oak.tx.us,https://www.co.live-oak.tx.us/upload/page/1218/2024/Entered%20By%20Bec/SIMMONS.pdf,,2024-11-05 21:36 CT,n,,,"Seed https://www.co.live-oak.tx.us/ loads; results are on the Results and Election History pages (scanned Electionware-style reports; read visually). No Clarity site (elections.json 404). Last-Modified differs per file. Scanner PDF CreationDate values for the 2024 precinct files are later than their uploads (scanner clock wrong), so printed run times and Last-Modified are used. 2024: per-precinct unofficial reports uploaded one by one on election night (only 2 of 14 files fetched, at 9:36 and 10:37 PM). 2026 runoff: county cumulative only on election night. 2026 primary: no results found on the site; check 3 pending. Rule 47 applied 2026-10-02 (normalize-47): none. Contact from TX SOS county election officials list (page sha256 065e1ebd63c5)."
Llano,COUNTY_ONLY_PRECINCT_AT_CANVASS,med,(325) 247-5425,elections@llanocounty.gov,https://www.llanocounty.gov/page/Elections-Archived.Elections,county_pdfs,www.llanocounty.gov,https://newtools.cira.state.tx.us/upload/page/0979/2026/Primary/Cumulative%20Results-3-4-2026%2012-06-54%20AM.pdf,,,n,,,Seed URL redirects to www.llanocounty.gov; results are listed on the Elections Archive page (some files on newtools.cira.state.tx.us). No Clarity site (elections.json 404). Every election-night file is a county 'Cumulative Results Report'; the only precinct report among the three elections is the official one for 2024 (15 Nov 2024). Last-Modified differs per file. Contact from TX SOS county election officials list (page sha256 065e1ebd63c5).
Loving,UNKNOWN,low,(432) 309-9500 ext. 6,lovingea@co.loving.tx.us,,unknown,lovingcountyanddistrictclerk.com,https://lovingcountyanddistrictclerk.com/elections-1,,,n,,,"Seed site www.co.loving.tx.us has no elections page; its County Clerk page points to 'Our NEW website: https://lovingcountyanddistrictclerk.com/'. That site's ELECTIONS page (fetched 2026-10) shows Nov 3, 2026 general election dates, notices, sample ballots, precinct maps and campaign finance reports back to 2022, but no election results, canvass, or returns documents for any election. Notices and Postings page has no results either. Clarity check 1: no Clarity election list (HTTP 404). One web search found no county results page. The absence of results today does not show what was posted on election night, so no election is settled as NONE; check 3 (Wayback) is pending because origin/wayback-data was not present when checked. Contact from TX SOS county election officials list (page sha256 065e1ebd63c5)."
Lubbock,LIVE_PRECINCT,med,(806) 775-1776,votelubbock@lubbockcounty.gov,https://results.enr.clarityelections.com/TX/Lubbock/122846/,clarity_style,results.enr.clarityelections.com,https://results.enr.clarityelections.com/TX/Lubbock/122846/352924/reports/detailxml.zip,,2024-11-05 23:46 CT,n,,,"Seed URL www.votelubbock.org/elections-office/ returns HTTP 403 over http and HTTP 202 with an empty body over https; votelubbock.gov (named in a web search as the county elections site) also returns HTTP 202 with an empty body, including on a refreshed fetch, so the county's results page could not be read. lubbockcounty.gov home page has no election results link. Clarity: results.enr.clarityelections.com/TX/Lubbock/elections.json exists but is an empty list, so the check 1 script found no elections; no 2024 or 2026 Lubbock EIDs could be located (three web searches and the linked news pages gave none; Wikipedia only cites old EIDs 60299, 74828, 105035). EIDs were not probed by guessing. The Clarity Connect site lubbock-tx.connect.clarityelections.com is robots-disallowed for the fetch module. Check 3 pending (wayback-data branch not found on origin). Targeted pass 2026-10-02 (orchestrator + targeted-Lubbock): Clarity IDs found by bounded search; owner override to LIVE_PRECINCT (DECISIONS 52). targeted-Lubbock found news with county totals only. Format fix 2026-10-02: 2026_runoff county_totals_first_seen written in the standard form (was the Clarity timestamp '5/26/2026 7:24:54 PM CDT'). Contact from TX SOS county election officials list (page sha256 065e1ebd63c5)."
Lynn,PRECINCT_END_OF_NIGHT,med,(806) 561-4750,karen.strickland@co.lynn.tx.us,https://www.co.lynn.tx.us/page/Elections,county_pdfs,www.co.lynn.tx.us,https://www.co.lynn.tx.us/upload/page/0086/20260526201006.pdf,,2026-03-03 21:41 CT,n,,,"Seed https://www.co.lynn.tx.us/ loads; Elections page lists scanned results PDFs named by scanner timestamp (http links return 403; https works). No Clarity site (elections.json 404). Reports read visually (no text layer). Last-Modified differs per file. In both 2026 elections a single unofficial precinct-by-precinct report was posted on election night, minutes after scanning. No 2024 general results are listed; check 3 pending. Rule 47 applied 2026-10-02 (normalize-47): none. Contact from TX SOS county election officials list (page sha256 065e1ebd63c5)."
Madison,COUNTY_ONLY_PRECINCT_AT_CANVASS,low,(936) 349-0132,bobbie.duke@madisoncountytx.org,https://www.co.madison.tx.us/page/madison.Elections,county_pdfs,www.co.madison.tx.us,https://www.co.madison.tx.us/upload/page/0407/unofficial%20results%20March%203%202026.pdf,,,n,,,Seed URL loads; Elections page lists results PDFs. No Clarity site (elections.json 404). The 2026 primary unofficial file is a scanned county cumulative report posted on election night; no precinct reports are listed for any election. No results for the 2024 general (official reconciliation only) or the 2026 runoff are listed; check 3 pending for those. Contact from TX SOS county election officials list (page sha256 065e1ebd63c5).
Marion,COUNTY_ONLY_PRECINCT_AT_CANVASS,low,903-665-3281,karen.jones@co.marion.tx.us,https://marioncountytaxoffice.com/may-26-2026-joint-primary-runoff-election/,county_pdfs,marioncountytaxoffice.com,https://marioncountytaxoffice.com/wp-content/uploads/2026/05/unofficial-results-Cumulative-Results-5-26-2026-08-36-28-PM.pdf,,,n,,,"Seed county site (www.co.marion.tx.us) links 'Elections' to the Tax Assessor-Collector site marioncountytaxoffice.com (WordPress), which has one page per election. No Clarity site (elections.json 404). Results are Microsoft Reporting Services cumulative (county total) reports; no precinct reports are listed for any target election. 2024 general page lists no results; check 3 pending. Last-Modified differs per file. The Elections page also links SOS historical results. Rule 43 applied 2026-10-02 (normalize-2): 2026_primary LATER to UNDETERMINED. Contact from TX SOS county election officials list (page sha256 065e1ebd63c5)."
Martin,UNKNOWN,low,(432) 756-3412,lybarra@co.martin.tx.us,http://www.co.martin.tx.us/158/Elections-Administration-Office,unknown,www.co.martin.tx.us,,,,n,,,Seed URL http://www.co.martin.tx.us/158/Elections-Administration-Office/ returned HTTP 403 to the fetch module and the https version failed with an SSL UNEXPECTED_EOF error (treated as bot protection; not worked around). One web search found no other county or vendor results site (only the same CivicPlus pages). No Clarity site (elections.json 404). Checks 1 and 2 could not settle any election; check 3 pending. Contact from TX SOS county election officials list (page sha256 065e1ebd63c5).
Mason,COUNTY_ONLY_PRECINCT_AT_CANVASS,med,(325) 347-5253,chelsa.armendariz@co.mason.tx.us,https://www.co.mason.tx.us/page/mason.Elections,county_pdfs,www.co.mason.tx.us,https://www.co.mason.tx.us/upload/page/0284/05.26.26%20Primary%20Runoff%20Election/05.26.26%20Runoff%20Results.pdf,,,n,,,"Seed https://www.co.mason.tx.us/ loads; Elections page lists results PDFs. No Clarity site (elections.json 404). Only county Summary Results Reports are posted; no precinct reports for any target election. Several files labelled 'Results' are logic and accuracy test printouts. The 2026 primary results link is broken (404); check 3 pending. Scanner and report-server clocks disagree with Last-Modified, so Last-Modified is used for upload times. The page also links the SOS results site. Contact from TX SOS county election officials list (page sha256 065e1ebd63c5)."
Matagorda,COUNTY_ONLY_PRECINCT_AT_CANVASS,low,(979) 244-7680,coclerk@co.matagorda.tx.us,https://www.co.matagorda.tx.us/page/Elections,county_pdfs,www.co.matagorda.tx.us,https://www.co.matagorda.tx.us/upload/page/0087/Cumulative%20Results-5-26-2026%2008-21-46%20PM.pdf,,,n,,,"Seed URL redirects to www.matagordatx.gov (files also served there). No Clarity site (elections.json 404). Reports are Microsoft Reporting Services text PDFs with printed Run Time. The county produced an election-night unofficial precinct report for the 2026 primary, but the copy online was uploaded 27 Mar 2026, so the primary is left UNDETERMINED for check 3. Runoff: county cumulative only on election night. 2024 general: only official reports (15 Nov 2024) are listed. Rule 43 applied 2026-10-02 (normalize-2): 2024_general LATER to UNDETERMINED. Contact from TX SOS county election officials list (page sha256 065e1ebd63c5)."
Maverick,UNKNOWN,low,(830) 757-4175,elections.admin@co.maverick.tx.us,https://co.maverick.tx.us/elections,county_pdfs,co.maverick.tx.us,,,,n,,,"Seed https://co.maverick.tx.us/ loads; the Elections page (files served from a Cloudflare R2 bucket, pub-3ec9fd02caf74c549229cabadbf2564d.r2.dev) lists November 2026 materials, polling places, 2026 campaign finance reports, and as the only results 'Official Results - May 26, 2026' plus hand count audits. No 2024 general or March 2026 primary results and no election-night files are listed; the site appears to hold only recent material, so absence is not evidence of what was posted at the time. No Clarity site (elections.json 404). Check 3 pending for all three elections. Targeted pass 3 2026-10-02 (targeted3-C): no election changed. Tried: (1) Elections page file list re-read: the R2 bucket links hold only 2026 general notices and sample ballots, campaign finance reports, and for results only May_26_2026_Official_Results.pdf and two hand count audits; no 2024 general or March 2026 primary results and no election-night files (bucket listing not attempted; file names were not guessed). (2) Check 4: two web searches (Eagle Pass precinct results for the 2026 primary; Eagle Pass Business Journal runoff results) found no third-party per-precinct election-night page. Wayback harvest for co.maverick.tx.us found no election-night captures (runoff CDX timed out). Sweep pending. Contact from TX SOS county election officials list (page sha256 065e1ebd63c5)."
McCulloch,COUNTY_ONLY_PRECINCT_AT_CANVASS,med,(325) 597-8000 ext. 2,mccoclerk1@bradytx.net,https://www.co.mcculloch.tx.us/page/mcculloch.ElectionInfo,county_pdfs,www.co.mcculloch.tx.us,https://www.co.mcculloch.tx.us/upload/page/0654/2026%20Primary%20runoff/REPUBLICAN%20UNOFFICIAL%20RESULTS.pdf,,,n,,,"Seed https://www.co.mcculloch.tx.us/ loads; ELECTION INFO page lists results (some files on newtools.cira.state.tx.us). No Clarity site (elections.json 404). Only county cumulative reports are posted for the three elections, each uploaded the morning or day after election night (Last-Modified differs per file). No precinct reports for any target election (the county did post a precinct report for the March 2022 primary). Rule 43 applied 2026-10-02 (normalize-2): 2024_general LATER kept, county_totals_first_seen 2024-11-05 21:03 CT; 2026_primary LATER to UNDETERMINED; 2026_runoff LATER kept, county_totals_first_seen 2026-05-26 20:28 CT. 2026_primary: the only primary file is 'Cumulative Results-3-4-2026 08-15-34 AM' (printed Run Time 8:15 AM, CreationDate Mar 4 14:15 UTC), after election night. Contact from TX SOS county election officials list (page sha256 065e1ebd63c5)."
McLennan,UNKNOWN,low,(254) 757-5043,elections@mclennan.gov,https://www.mclennan.gov/546/Current-Election-Results,county_pdfs,www.mclennan.gov,,,,n,,,"Seed URL redirects to www.mclennan.gov (CivicPlus; documents on tx-mclennancounty.civicplus.com). No Clarity site (elections.json 404). The 'Current Election Results' page now says 'Please click on Past Election Results for reports from the March 3, 2026 Joint Primary Election, May 2, 2026 ...', so election-night results were evidently shown there and later moved to the Archive Center (Archive.aspx AMID=66). The archive entries list Cumulative, Canvass and Precinct PDFs per election; the runoff ones are dated 6-2-2026 (canvass). The Elections page's Last-Modified equals the request time (dynamic page, no upload evidence). Election-night content cannot be determined from the current site; check 3 (Wayback captures of /546/Current-Election-Results) should settle all three elections. Targeted pass 3 2026-10-02 (targeted3-A): no election changed. Tried: Archive Center list (Archive.aspx?AMID=66) and the 2026 primary entry (ADID=3372): Democratic and Republican 'Cumulative', 'Canvass' and 'Precinct' PDFs all carry canvass-time names (e.g. Republican-Party---Precinct-Results-3-10-2026-01-26-32-PM), like the 2024 general (11-13-2024) and runoff (6-2-2026) entries; election pages /1336 (March 3, 2026) and /1345 (May 26, 2026) list only notices, ballots and vote center files. Lead only: DocumentCenter/View/15785 'Results Page' (found by web search; the civicplus.com copy is robots-disallowed, the www.mclennan.gov copy loads) is the March 5, 2024 primary election-night 'Cumulative Results Report ... Unofficial Results ... Precincts Reporting 182 of 182 ... Run Time 10:52 PM Run Date 03/05/2024' (county totals), so the Current Election Results page used election-night cumulative PDFs in 2024; not a target election and Last-Modified there is the request time. Check 4: KWBU 2026 primary results page (published 2026-03-04T11:38Z) and KWBU Nov 5 2024 live updates show county totals and narrative only, no per-precinct numbers. Wayback main harvest targeted co.mclennan.tx.us only (connection refused); no phase1/targeted/ folder for McLennan; web.archive.org is unreachable from this environment; sweep pending. Contact from TX SOS county election officials list (page sha256 065e1ebd63c5)."
McMullen,COUNTY_ONLY_PRECINCT_AT_CANVASS,low,(361) 274-3215,mattie.sadovsky@mcmullencounty.org,https://mcmullencounty.org/elections/,county_pdfs,mcmullencounty.org,https://mcmullencounty.org/elections/,,,n,,,"No county website in the seed list; one web search located https://mcmullencounty.org/elections/. No Clarity site (elections.json 404). The Elections page lists result files for each election as WordPress uploads: 2024 general '11/05/2024 ELECTION RESULT REPORT' (scanned Electionware 'Summary Results Report', county totals by Absentee/Early Voting/Election Day, footer 'Election Summary - 11/05/2024 6:50 PM', PDF created and uploaded Nov 7 2024); 2026 primary two SOS 'Election Unofficial Results Report' PDFs (county totals, created 11:07 PM CST Mar 3, Last-Modified 10:23 AM CST Mar 4); 2026 runoff a JPG 'Summary Results Report' (county totals, footer 'Election Summary - 05/27/2026 1:41 PM', Last-Modified 2:19 PM CDT May 27). No precinct-level report is listed for any of the three elections, and every file was uploaded after election night. The page keeps files back to 2020, so nothing appears to have been removed, but an election-night posting that was later removed cannot be ruled out. The Democratic primary PDF (same SOS report type) was not opened. En dashes in quoted link titles were replaced with hyphens. Runoff summary shows 'Election Day Precincts Reporting 1 of 1'. Check 3 pending: origin/wayback-data not present. Rule 43 applied 2026-10-02 (normalize-2): 2024_general LATER to UNDETERMINED; 2026_primary LATER kept, county_totals_first_seen 2026-03-03 23:07 CT; 2026_runoff LATER to UNDETERMINED. 2024_general: the only file's printed footer is 'Election Summary - 11/05/2024 6:50 PM', before the 7 PM window, and it was created and uploaded Nov 7, so it is not an election-night county-totals file. Contact from TX SOS county election officials list (page sha256 065e1ebd63c5)."
Medina,UNKNOWN,low,(830) 741-6009,jean.longoria@medinatx.gov,https://www.medinatx.gov/page/Elections-2026,county_pdfs,www.medinatx.gov,https://www.medinatx.gov/page/Elections-2026,,,n,,,"Seed URL over http returned HTTP 403; https www.medinacountytexas.org redirects to www.medinatx.gov. No Clarity site (elections.json 404). Results are PDFs on the pages 'Elections 2026' and 'Elections 2024-2025'. For all three target elections only Official reports remain listed (Official Results by Precinct, Official Cumulative / ED EV AB Official, reconciliation, PEHCA); any election-night unofficial reports have been replaced, so check 2 cannot tell what was posted on election night. The 2024 general 'Official Pct Results 11.5.24.pdf' is a Precinct Results Report with Run Date 11/18/2024 Run Time 10:11 AM, CreationDate Nov 18 2024, Last-Modified Sat, 03 May 2025 22:49:57 GMT. The runoff 'Precinct Results Report - Official.pdf' is a scan (Epson Scan 2) created Jun 23 2026, Last-Modified Tue, 23 Jun 2026 16:47:44 GMT. The May 2, 2026 local election (not a target) still lists only an 'Election Day, Early Voting & Absentee - Unofficial Results' county-total report, but that does not decide the target elections. HTML pages send no Last-Modified header. Check 3 pending: origin/wayback-data not present. Targeted pass 3 2026-10-02 (targeted3-B): no election decided; tag and results unchanged. Tried: (1) Elections 2026 page re-read: still only Official files for the 2026 primary and runoff. A web search result title shows the page once listed '05/26/2026 May 26, 2026 Joint Primary Runoff - Election Day, Early Voting & Absentee - Unofficial Results' (search text only, not evidence); following the page's naming pattern of the May 2 local election ('ED EV AB - UNOFFICIAL.pdf'), one try each at '2026 May Primary Runoff/Results/ED EV AB - UNOFFICIAL.pdf' and '2026 March Primary/Results/Unofficial Cumulative Results.pdf' returned HTTP 404, so the election-night files are gone. (2) Wayback harvest of medinacountytexas.org was refused (robots); no targeted archive data for Medina; sweep pending. Lead: the runoff 'Unofficial Results' file was a county-totals report by its title; an archived copy with its upload time could support LATER for the runoff. Contact from TX SOS county election officials list (page sha256 065e1ebd63c5)."
Menard,UNKNOWN,low,(325) 396-4523,tim.powell@co.menard.tx.us,https://www.co.menard.tx.us/page/menard.Elections,unknown,www.co.menard.tx.us,,,,n,,,"Seed URL http://co.menard.tx.us/ returned HTTP 403; https://co.menard.tx.us/ failed TLS (certificate not valid for that hostname). One web search located the elections page https://www.co.menard.tx.us/page/menard.Elections, but the fetch module refused every www.co.menard.tx.us URL (robots_disallowed_or_unreachable; its robots.txt request was reset by the peer), so no results page, report list, or Last-Modified header could be read. No Clarity site (elections.json 404). Check 3 pending: origin/wayback-data not present. Contact from TX SOS county election officials list (page sha256 065e1ebd63c5)."
Midland,LIVE_PRECINCT,high,(432) 688-4890,rolgin@mcounty.com,https://results.enr.clarityelections.com/TX/Midland/,clarity_style,results.enr.clarityelections.com,https://results.enr.clarityelections.com/TX/Midland/122496/351587/reports/detailxml.zip,,2024-11-05 20:11 CT,n,,,"County elections page www.co.midland.tx.us/328/Elections-Office returned HTTP 202 with an empty body to the fetch module, so the county page (and any usage notice or stated change) could not be read; results located directly on Clarity (TX/Midland), whose elections.json lists all three elections. Check 1: 2024 general first night update (8:11 PM CST) was early vote only, election-day precinct votes from 8:36 PM; 2026 primary had election-day precinct votes in all 5 night updates from 7:56 PM CST; 2026 runoff first night update 8:06 PM CDT early only, election-day precinct votes from 8:59 PM. Many versions returned HTTP 404 (13, 13, 28), mostly pre-election test versions; one 2024 night version (351981) and two runoff versions before the 8:06 PM update (372951, 372954) were unreadable. Wayback branch origin/wayback-data was not present when checked (not needed). Contact from TX SOS county election officials list (page sha256 065e1ebd63c5)."
Milam,UNKNOWN,low,(254) 697-7049,jmorgan@milamcounty.net,https://www.milamcounty.net/departments/elections_and_voter_registrar/election_results.php,county_pdfs,www.milamcounty.net,https://www.milamcounty.net/departments/elections_and_voter_registrar/election_results.php,,,n,,,"Seed URL /page/milam.elections returned HTTP 403; the current site (Revize CMS) has an Election Results page. No Clarity site (elections.json 404). The page lists one PDF per election: '2024 General' (11.05.2024 GENERAL.pdf, a 38-page Konica Minolta scan created Nov 20 2024 15:23 UTC, Last-Modified Thu, 24 Jul 2025 17:12:26 GMT, part of a bulk re-upload with ?t=20250724 stamps) and '2026 PRIMARY' (file 'PRIMARY RUNOFF 03-03-2026.pdf', an 85-page scan created May 7 2026, Last-Modified Thu, 07 May 2026 16:28:50 GMT). No 2026 runoff file is listed. Both files are post-canvass scans, so whatever was posted on election night is not on the page now; check 2 cannot decide. Check 3 pending: origin/wayback-data not present. Contact from TX SOS county election officials list (page sha256 065e1ebd63c5)."
Mills,COUNTY_ONLY_PRECINCT_AT_CANVASS,med,(325) 648-2711,sonya.scott@millscountytx.gov,https://www.millscountytx.gov/page/Elections.2025-2026,county_pdfs,www.millscountytx.gov,https://www.millscountytx.gov/upload/page/0085/26%20PRIMARY%20DEM%20AND%20REPUBLICAN%20UNOFFICIAL%20RESULTS.pdf,,,n,,,"Seed URL http://www.co.mills.tx.us/ returned HTTP 403; https www.co.mills.tx.us redirects to www.millscountytx.gov. No Clarity site (elections.json 404). The 'Election Results and Notices' page (Elections.2025-2026) lists for the 2026 primary a scanned 'DEMOCRAT AND REPUBLICAN PRIMARY ELECTION UNOFFICIAL RESULTS' (Cumulative Results Report, county totals by Absentee / Early / Election Day / Provisional, Run Time 8:34 PM Run Date 03/03/2026, scan created 9:29 PM CST, Last-Modified Wed, 04 Mar 2026 03:35:41 GMT = 9:35 PM CST Mar 3) plus SOS 'Election Unofficial Results Report' PDFs and reconciliation and audit documents. The Elections.Home page lists for the runoff a scanned 'JOINT PRIMARY RUNOFF UNOFFICIAL RESULTS' (Cumulative Results Report, county totals, Run Date 05/26/2026, run time read as about 8:2x PM, scan created 9:02 PM CDT May 26, Last-Modified Thu, 28 May 2026 19:39:57 GMT). Neither page lists any precinct-level report for these elections. One http link (26 PRIMARY ... UNOFFICIAL RESULTS.pdf over http) returned HTTP 403; the same file over https returned 200. The 2024 general is not listed on the current pages. Confidence is low because the runoff file's upload time is after election night (only the primary has both printed and upload time on election night). Check 3 pending for 2024 general: origin/wayback-data not present. Rule 43 applied 2026-10-02 (normalize-2): 2026_runoff LATER kept, county_totals_first_seen 2026-05-26 21:02 CT. Contact from TX SOS county election officials list (page sha256 065e1ebd63c5)."
Mitchell,COUNTY_ONLY_PRECINCT_AT_CANVASS,low,(325) 728-3481,jlemons@co.mitchell.tx.us,https://www.co.mitchell.tx.us/page/Elections.2026,county_pdfs,www.co.mitchell.tx.us,https://www.co.mitchell.tx.us/upload/page/0094/docs/20260303/20260303 - Primary - Unofficial Results.pdf,,,n,,,"Seed URL redirects to https://www.co.mitchell.tx.us/page/Elections. No Clarity site (elections.json 404). The '2026 Elections' page lists for the March 3 primary 'Unofficial Results' (Electionware Summary Results Report, county totals by Absentee / Early Voting / Election Day, footer 'Election Summary - 03/03/2026 8:51 PM', CreationDate Mar 4 02:52 UTC, Last-Modified Wed, 04 Mar 2026 03:45:53 GMT = 9:45 PM CST) and, separately, 'PCT by PCT' DEM and REP Official Results (REP file scanned Mar 4 23:41 UTC, Last-Modified Thu, 05 Mar 2026 20:28:22 GMT). For the May 26 runoff only Official reports (Summary, Summary PCT by PCT) and reconciliation forms are listed, so any election-night runoff posting has been replaced. The 'Past Elections' page lists only the November 2025 election; the 2024 general is not on the site. The site's HTML pages send no Last-Modified header. Check 3 pending for 2024 general and 2026 runoff: origin/wayback-data not present. Contact from TX SOS county election officials list (page sha256 065e1ebd63c5)."
Montague,LIVE_PRECINCT,high,(940) 894-2540,GWall@co.montague.tx.us,https://www.co.montague.tx.us/page/montague.ElectionResults,clarity_style,results.enr.clarityelections.com,https://results.enr.clarityelections.com/TX/Montague/126366/372995/reports/detailxml.zip,,2026-05-26 19:16 CT,n,,,"Seed URL over http returned HTTP 403; https works. The county 'Election Results' page links each election to Clarity: November 5, 2024 -> EID 122664, March 3, 2026 -> EID 126015, May 26, 2026 -> EID 126366. Clarity elections.json for Montague is an empty list, so the check 1 script was run with these EIDs from the county's own links. In every election the pre-7 PM update (4:15 to 5:50 PM) already had early-vote precinct numbers for all 15 precincts; during election night the nonzero precinct vote cells kept rising with each update (2024: 1990 to 2228; primary: 3913 to 4768; runoff: 328 to 404), showing election-day votes added per precinct. Some versions returned HTTP 404 (2024: 5, primary: 8, runoff: 2). precinct_first_seen_local_time is the first election-night update of the most recent target election (runoff); 2024 general and 2026 primary first election-night updates were 7:39 PM and 7:38 PM CST. Contact from TX SOS county election officials list (page sha256 065e1ebd63c5)."
Montgomery,COUNTY_ONLY_PRECINCT_AT_CANVASS,low,(936) 539-7843,election@mctx.org,https://elections.mctx.org/ElectionResults.asp,county_pdfs,elections.mctx.org,https://elections.mctx.org/pdf/PRI030326/Republican%20Cumulative%20Results-3-4-2026%2002-08-24%20AM.pdf?ts=92203,,,n,,,"No Clarity site (elections.json 404). The county results archive (ElectionResults.asp) lists, per election, Cumulative, Canvass, Precinct, Reconciliation, Provisional and audit reports. The Precinct Reports opened are all 'Official Results' produced at canvass: 2024 general Run Date 11/18/2024 8:44 AM (Last-Modified Tue, 18 Mar 2025 21:02:58 GMT), 2026 Republican primary Run Date 03/10/2026 3:03 PM (Last-Modified Fri, 27 Mar 2026 22:01:15 GMT), 2026 Republican runoff Run Date 06/02/2026 11:23 AM (Last-Modified Fri, 26 Jun 2026 13:57:04 GMT). The election-night versions of these files (same URLs or otherwise) are not available now, so check 2 cannot tell what was posted on election night. No election-night results site or link was found on the home or results pages. HTML pages send no Last-Modified header. Targeted pass 2026-10-02 (targeted-Montgomery): 2026_primary changed UNDETERMINED to LATER (check 2) from the county's own election-night file elections.mctx.org/pdf/PRI030326/Republican Cumulative Results-3-4-2026 02-08-24 AM.pdf (found via a Community Impact link; Unofficial, run 2:08 AM 03/04/2026, Last-Modified 2:15 AM CST, countywide totals only); tag UNKNOWN to COUNTY_ONLY_PRECINCT_AT_CANVASS, confidence low. Caveat: the county's election-night results page electioninfo/eResultsMain.aspx (named in Community Impact articles) returned a proxy 502 (CONNECT to election.mctx.org rejected, likely a redirect) and its listing could not be read; pdf/PRI030326/ directory listing is 403. Check 3: Wayback harvest for elections.mctx.org failed (robots_disallowed_or_unreachable, no captures); phase1/targeted/archives and phase1/targeted/wayback for Montgomery not on the wayback-data branch at finish. Check 4: Community Impact, Click2Houston, Houston Chronicle and Houston Public Media election-night pages show county totals only, no per-precinct candidate numbers; The Courier (yourconroenews.com) could not be searched (blocked to the search tool). 2024 general: Community Impact quoted county totals at 10:45 p.m. Nov. 5 (81 of 113 precincts) but no county file; 2026 runoff: no election-night file or article found. Contact from TX SOS county election officials list (page sha256 065e1ebd63c5)."
Moore,COUNTY_ONLY_PRECINCT_AT_CANVASS,med,(806) 935-6164,bmckanna@moore-tx.com,https://www.co.moore.tx.us/page/moore.Elections,county_pdfs,www.co.moore.tx.us,https://www.co.moore.tx.us/upload/page/4507/2026/unofficial_election_results_precinct_may_26_2026.pdf,,,n,,,"No Clarity site (elections.json 404). The county Elections page posts scanned Konica Minolta PDFs. Every unofficial result file opened was uploaded the morning after election day: 2024 general 'Unofficial General Election Results' (Electionware Summary Results Report, county totals, footer read as 'Election Summary - 11/05/2024 11:48 PM', scanned Nov 6 15:07 UTC, Last-Modified Wed, 06 Nov 2024 15:28:58 GMT); 2026 primary 'Unofficial Results' (scanned Mar 4 15:36 UTC, Last-Modified Wed, 04 Mar 2026 15:27:00 GMT) with 'Republican Precinct Results' scanned Apr 6 2026 (Last-Modified Mon, 06 Apr 2026 15:41:29 GMT); 2026 runoff 'Unofficial Results' and 'Unofficial Results Precinct' (scanned 9:41 and 9:42 PM CDT May 26, Last-Modified Wed, 27 May 2026 15:26:46 and 15:27:20 GMT = 10:26 to 10:27 AM CDT May 27). The 2024 general precinct file listed is 'Official Results by Precinct' (not opened). So no result file, county-level or precinct-level, was online during election night for any target election, and precinct numbers came after election night. HTML pages send no Last-Modified header; PDF Last-Modified values differ per file and match scan dates, so they are taken as upload times. The 2026 primary unofficial PDF was not checked page by page for a precinct breakdown, but it was uploaded after election night either way. Check 3 not needed. Rule 43 applied 2026-10-02 (normalize-2): 2024_general LATER kept, county_totals_first_seen 2024-11-05 23:40 CT; 2026_primary LATER kept, county_totals_first_seen 2026-03-03 21:24 CT; 2026_runoff LATER kept, county_totals_first_seen 2026-05-26 20:18 CT. Footer times re-read from the cached copies at 200 dpi. Contact from TX SOS county election officials list (page sha256 065e1ebd63c5)."
Morris,COUNTY_ONLY_PRECINCT_AT_CANVASS,med,(903) 645-3911,Brittany.andrews@co.morris.tx.us,https://www.co.morris.tx.us/page/morris.COUNTY Election Information,county_pdfs,www.co.morris.tx.us,https://www.co.morris.tx.us/upload/page/11264/March 3 2026 Primary Election Unofficial Results0001.pdf,,,n,,,"Seed URL over http returned HTTP 403; https works. No Clarity site (elections.json 404). The 'COUNTY Election Information' page lists 'MARCH 3, 2026 PRIMARY ELECTION UNOFFICIAL RESULTS' (scanned Electionware 'Summary Results Report ... UNOFFICIAL RESULTS ALL PRECINCTS', county totals, footer 'Election Summary - 03/03/2026 8:11 PM', scan created 9:17 PM CST, Last-Modified Wed, 04 Mar 2026 14:11:13 GMT = 8:11 AM CST Mar 4), 'MAY 2026 PRIMARY RUN OFF UNOFFICIAL RESULTS' (same report type, county totals, footer 'Election Summary - 05/26/2026 7:46 PM', scan created 8:17 PM CDT, Last-Modified Wed, 27 May 2026 13:22:13 GMT = 8:22 AM CDT May 27) and 'MAY 26 2026 PRIMARY RUNOFF OFFICIAL ELECTION RESULTS' (not opened), plus audit forms. No precinct-level report is listed for either 2026 election. The 2024 general is not listed (page starts at Nov 2025). Footer times read from 45 dpi renders. Check 3 pending for 2024 general: origin/wayback-data not present. Rule 43 applied 2026-10-02 (normalize-2): 2026_primary LATER kept, county_totals_first_seen 2026-03-03 20:11 CT; 2026_runoff LATER kept, county_totals_first_seen 2026-05-26 19:46 CT. Contact from TX SOS county election officials list (page sha256 065e1ebd63c5)."
Motley,COUNTY_ONLY_PRECINCT_AT_CANVASS,med,(806) 347-2621,mcdcc@co.motley.tx.us,https://www.co.motley.tx.us/page/motley.Elections,county_pdfs,www.co.motley.tx.us,https://newtools.cira.state.tx.us/upload/page/9607/Unofficial%20Results%2011.05.2024.pdf,,,n,,,"No county website in the seed list; one web search located https://www.co.motley.tx.us/page/motley.Elections. No Clarity site (elections.json 404). The Elections page links scanned PDFs (some on newtools.cira.state.tx.us, the same CMS file host). 2024 general: 'Unofficial Results 11.05.2024' is a Cumulative Results Report with county totals (Absentee / Early / Election Day), scan created Nov 6 02:49 UTC (8:49 PM CST Nov 5), Last-Modified Wed, 06 Nov 2024 02:55:32 GMT (8:55 PM CST); precinct numbers only in 'Precinct Results-11-14-2024.pdf' (canvass, not opened). 2026 primary: 'Unofficial Republican Results' (Cumulative county totals, scan created 9:23 PM CST Mar 3, Last-Modified Wed, 04 Mar 2026 03:24:13 GMT = 9:24 PM CST) and 'Unofficial Democratic Results'; no precinct report listed, only '3.12.26 Official Democrat and Republican Results'. 2026 runoff: 'Unofficial Results' is a Cumulative Results Report run 11:07 AM 05/27/2026, Last-Modified Wed, 27 May 2026 16:23:06 GMT (11:23 AM CDT May 27), county totals; then 'Official Results'. Confidence med: 2024 general and 2026 primary each have a printed time (scan CreationDate) and an upload time on election night; the runoff file was posted the next morning. Rule 43 applied 2026-10-02 (normalize-2): 2026_runoff LATER to UNDETERMINED. Contact from TX SOS county election officials list (page sha256 065e1ebd63c5)."
Nacogdoches,UNKNOWN,low,(936) 560-7825,VWood@co.nacogdoches.tx.us,https://www.nacogdochesco.gov/164/Election-Results,county_pdfs,www.nacogdochesco.gov,https://www.nacogdochesco.gov/164/Election-Results,,,n,,,"Seed URL over http returned HTTP 403; https www.co.nacogdoches.tx.us redirects to www.nacogdochesco.gov (CivicPlus). No Clarity site (elections.json 404). The Election Results page lists only May 26, 2026 runoff documents: Cumulative Results, Precinct Results, Canvass Results Total, reconciliation, audit, and votes per polling location. The Republican Precinct Results and Cumulative Results opened are 'Official Results' with Run Date 06/01/2026 (3:00 PM and 2:58 PM), so the election-night versions are gone. The 2026 primary and 2024 general are not listed. The server stamps every response (HTML and DocumentCenter PDFs) with the request time as Last-Modified (e.g. Fri, 02 Oct 2026 15:29:36 GMT), so it gives no upload evidence. Check 3 pending: origin/wayback-data not present. Targeted pass 3 2026-10-02 (targeted3-D): no election changed. The county moved to www.nacogdochesco.gov (DocumentCenter IDs from 110); the Election Results page (cached) still lists only the May 26 2026 runoff reports, all official. Check 3: harvest (co.nacogdoches.tx.us) has zero captures for 2024 and the primary; the runoff CDX query timed out. archive.org/wayback/available: no snapshot of www.nacogdochesco.gov/164 near 2026-05-27; /164/Election-Results only at 20260916191619 (after); none for www.co.nacogdoches.tx.us near 2026-03-04. One web search for Daily Sentinel precinct results found only the county's official runoff files and turnout stories. Sweep pending. Contact from TX SOS county election officials list (page sha256 065e1ebd63c5)."
Navarro,COUNTY_ONLY_PRECINCT_AT_CANVASS,low,(903) 875-3330,athomas@navarrocounty.org,https://www.co.navarro.tx.us/page/Elections.2026,county_pdfs,www.co.navarro.tx.us,https://www.co.navarro.tx.us/upload/page/0129/docs/Elections/2024/Nov 5 2024/UNOFFICIAL ELECTION RESULTS.pdf,,,n,,,"No Clarity site (elections.json 404). Results are PDFs on 'Elections 2026' and 'Elections 2025 and Earlier'. 2024 general: 'Unofficial Election Results' is an Electionware Summary Results Report 'COMBINED UNOFFICIAL' with county totals only ('Election Day Precincts Reporting 30 of 33'), footer 'Election Summary - 11/05/2024 22:22 PM', CreationDate Nov 6 04:23 UTC (10:23 PM CST), Last-Modified Wed, 06 Nov 2024 14:52:05 GMT (8:52 AM CST Nov 6); the page also lists 'Official Election Results' and the canvass (not opened). 2026 primary: only 'OFFICIAL Election Results - By Precinct' and '- Overall' remain. 2026 runoff: only 'Official Primary Runoff Results' and '- by Precinct' remain. So the election-night postings for 2026 are no longer listed and check 2 cannot decide them. Check 3 pending for 2026 primary and runoff: origin/wayback-data not present. Rule 43 applied 2026-10-02 (normalize-2): 2024_general LATER kept, county_totals_first_seen 2024-11-05 22:22 CT. Contact from TX SOS county election officials list (page sha256 065e1ebd63c5)."
Newton,UNKNOWN,low,(409) 379-5341,sandra.duckworth@co.newton.tx.us,https://www.co.newton.tx.us/page/newton.Elections,county_pdfs,www.co.newton.tx.us,https://www.co.newton.tx.us/page/newton.Elections,,,n,,,"No Clarity site (elections.json 404). The Elections page 'Election Results' section lists one 'Official Canvass' PDF per election back to 2017, including 'November 5 2024 Official Canvass', 'March 3 2026 Primaries Official Canvass' and 'May 26 2026 Joint Primaries Official Canvass'. No unofficial or election-night result file is listed and the page text says nothing about election-night posting. Whether anything was posted on election night (and later replaced by the canvass) cannot be told from the current page, so the canvass PDFs were not opened (they are post-election by title). The HTML page sends no Last-Modified header. Check 3 pending: origin/wayback-data not present. Contact from TX SOS county election officials list (page sha256 065e1ebd63c5)."
Nolan,UNKNOWN,low,(325) 235-2462,sharla.keith@co.nolan.tx.us,https://www.co.nolan.tx.us/page/nolan.Elections,county_pdfs,www.co.nolan.tx.us,https://www.co.nolan.tx.us/page/nolan.Elections,,,n,,,"No Clarity site (elections.json 404). The Elections page section 'ELECTION RESULTS & INFORMATION' lists, for each target election, only official files: 2024 general 'NC Official Summary Results 11052024.pdf' and 'NC Official Precinct Summary Results 11052024.pdf'; 2026 primary 'Official Summary Results 03032026 canvassed.pdf' and 'Official Precinct Summary Results 03032026 canvassed.pdf'; 2026 runoff 'NC Official Summary Results 05262026.pdf' and 'NC Official Precinct Summary Results 05262026.pdf', plus reconciliation and audit forms. The runoff heading reads 'OFFICIAL RESULTS OF THE JOINT PRIMARY RUNOFF ELECTION - MAY 26, 2026' while its Spanish line still reads '(RESULTADOS NO OFICIALES DE LA SEGUNDA VUELTA ...)', which suggests unofficial files were posted and later replaced; their content and timing cannot be read now. The page also links the SOS results site ('TEXAS ELECTION RESULTS'). PDFs not opened since titles mark them as canvassed/official. Check 3 pending: origin/wayback-data not present. En dash in the quoted heading replaced with a hyphen. Contact from TX SOS county election officials list (page sha256 065e1ebd63c5)."
Nueces,LIVE_PRECINCT,high,(361) 888-0580,VOTEBYMAIL@nuecescountytx.gov,https://results.enr.clarityelections.com/TX/Nueces/125938/,clarity_style,results.enr.clarityelections.com,https://results.enr.clarityelections.com/TX/Nueces/125938/368417/reports/detailxml.zip,,2024-11-05 20:22 CT,n,,,"Clarity elections.json for Nueces exists but its newest listing is 'November 3, 2020 General Election' (EID 106208); none of the three target elections is listed and no county link to a newer Clarity EID was found. County site: seed http://www.co.nueces.tx.us/ returned HTTP 403, https://www.nuecesco.com/ returned HTTP 403, and https://www.nuecescountytx.gov/ (domain from the SOS contact email) was refused by the fetch module (robots_disallowed_or_unreachable). One web search did not locate a county results page; a Yahoo re-post of a Corpus Christi Caller-Times runoff results story was fetched but contains no link to county or Clarity results. Check 1 and check 2 therefore could not be done. Check 3 pending: origin/wayback-data not present. Targeted pass 2026-10-02 (targeted-Nueces): no election decided; nothing changed except this note. Tried: (1) Clarity EID discovery via news links: KRIS 6 runoff story (published 2024-05-29 09:40 CT) links https://results.enr.clarityelections.com/TX/Nueces/121711/web.317647/ for the May 28 2024 primary runoff (not a target election), which shows Nueces still used Clarity in mid-2024 though elections.json stops at 2020; no link to a Clarity EID for Nov 5 2024, Mar 3 2026 or May 26 2026 was found on KRIS 6, KZTV, KIII, Yahoo/AOL Caller-Times re-posts, or City of Corpus Christi election pages, so check 1 with --eid could not be run. (2) County site: https://nuecesco.com/county-services/county-clerk/elections-department/election-history/-folder-126 returned HTTP 403 (bot protection, not bypassed); nuecescountytx.gov refused by robots/unreachable. (3) Wayback CDX query for results.enr.clarityelections.com/TX/Nueces/ was refused by the fetch module (robots_disallowed_or_unreachable); main harvest folder has no captures (co.nueces.tx.us CDX refused). (4) Targeted archives: phase1/targeted/archives/Nueces and phase1/targeted/wayback/Nueces not on origin/wayback-data at three checks (none of phase1/targeted exists yet). (5) Check 4 news: KRIS 6 Nov 5 2024 Pct 1 story (published 2024-11-05 22:57 CT) gives county-level percentages only; KRIS 6 2026 Election Day Blog (2026-03-03) links only to KRIS's own results page; KIII article pages returned HTTP 403; AOL re-posts returned 404 or a different article; no news page with per-precinct candidate votes found. (6) City of Corpus Christi posted Nueces County Hart reports for its own races: unofficial cumulative (Run Date 11/07/2024 3:31 PM, county totals by vote type, not election night) and official canvass precinct report (Run Date 11/14/2024); neither is election-night evidence. Leads: corpuschristitx.gov 2026 Election Results page says live results are on the county website via an 'Election Night Results' link (likely a Clarity EID); targeted archives for Nueces still pending; Ballotpedia (HTTP 202 bot wall) citations may carry the Clarity EIDs. Targeted pass 2026-10-02 (orchestrator): Clarity election IDs found by bounded ID search (DECISIONS 51); all three elections decided by check 1. Contact from TX SOS county election officials list (page sha256 065e1ebd63c5)."
Ochiltree,PRECINCT_END_OF_NIGHT,low,(806) 435-8039,slimas@ochiltree.net,https://www.co.ochiltree.tx.us/page/ochiltree.Elections,county_pdfs,www.co.ochiltree.tx.us,https://www.co.ochiltree.tx.us/upload/page/7514/5.26.26 Unofficial Results_summary_by precincts.pdf,,2026-05-26 20:14 CT,n,,,"No Clarity site (elections.json 404). The Elections page has an 'ELECTION RETURNS' block per election. 2026 runoff: 'Unofficial Returns - Summary plus_by Precinct', a 10-page scanned Electionware report: Summary Results Report 'TX Ochiltree County 052626 Joint Primary Runoff ... UNOFFICIAL RESULTS' ('Election Day Precincts Reporting 4 of 4', footer 'Election Summary - 05/26/2026 7:53 PM') followed by per-precinct pages ('Precinct 1' ... with Absentee / Early Voting / Election Day columns, footer 'Precinct Summary - 05/26/2026 7:54 PM'); Last-Modified Wed, 27 May 2026 01:14:52 GMT (8:14 PM CDT May 26). The scan's CreationDate is D:20260526212304-05'00' (9:23 PM CDT), later than the server upload time, so the scanner clock appears to be off; the server time and printed footer times both fall on election night. Only this one unofficial file is listed for the runoff, so precinct numbers appeared once on election night (END). 2026 primary: the returns block now lists only a preliminary reconciliation and 'Official Results Summary' / 'Official Results by Precincts' (Last-Modified Fri, 13 Mar 2026 17:24:58 GMT), so any election-night posting has been replaced. 2024 general: the November 5, 2024 section lists notices, sample ballots and voting rosters but no results file. Check 3 pending for 2024 general and 2026 primary: origin/wayback-data not present. Rule 47 applied 2026-10-02 (normalize-47): none. Contact from TX SOS county election officials list (page sha256 065e1ebd63c5)."
Oldham,COUNTY_ONLY_PRECINCT_AT_CANVASS,med,(806) 639-2119,darla.lookingbill@oldham-county.org,https://www.co.oldham.tx.us/page/Elections.Past,county_pdfs,www.co.oldham.tx.us,https://www.co.oldham.tx.us/upload/page/0103/03.03.2026_JOINT_PRIMARY_UNOFFICIAL_0001.pdf,,,n,,,"No Clarity site (elections.json 404). The 'Election Results/Roster' page lists unofficial and official files per election and links the SOS site as 'TEXAS ELECTION NIGHT RESULTS'. 2024 general: '11.05.2024 Oldham County Unofficial Results' is a scanned Electionware Summary Results Report (county totals), scan created 9:01 PM CST Nov 5, Last-Modified Wed, 06 Nov 2024 14:15:42 GMT (8:15 AM CST Nov 6); precinct numbers only in '11.05.2024 Oldham County - General Election Totals by Precinct' (OFFICIAL RESULTS, created Nov 22 2024, Last-Modified Mon, 10 Feb 2025). 2026 primary: '03.03.2026 JOINT PRIMARY ELECTION - UNOFFICIAL RESULTS' is a Summary Results Report with county totals (footer read as 'Election Summary - 03/03/2026 9:3x PM' at 45 dpi), scan created 9:46 PM CST, Last-Modified Wed, 04 Mar 2026 03:54:15 GMT (9:54 PM CST); precinct numbers only in '03.03.2026 Joint Primary Election Official Results - By Precinct'. 2026 runoff: 'Unofficial Totals Summary' and 'Unofficial Totals Precinct' scans were both created May 27 2026 13:58 to 14:00 UTC (8:58 to 9:00 AM CDT, the morning after), and both carry Last-Modified Thu, 30 Jul 2026 21:21:59 GMT (a later re-upload), so the runoff precinct numbers did not exist as this file until after election night. Confidence low: only the primary has both printed and upload times on election night. Rule 43 applied 2026-10-02 (normalize-2): 2024_general LATER kept, county_totals_first_seen 2024-11-05 21:01 CT; 2026_runoff LATER to UNDETERMINED. Contact from TX SOS county election officials list (page sha256 065e1ebd63c5)."
Orange,COUNTY_ONLY_PRECINCT_AT_CANVASS,med,(409) 882-7973,elections@co.orange.tx.us,https://www.co.orange.tx.us/ElectionResults,county_pdfs,www.co.orange.tx.us,https://www.co.orange.tx.us/media/Elections/2026/Joint Primary Election March 3 2026/Results/FINAL UNOFFICIAL RESULTS.pdf,,,n,,,"No Clarity site (elections.json 404). The Election Results page lists, per election, an 'UNOFFICIAL (FINAL) RESULTS' and an 'OFFICIAL RESULTS' PDF plus audit forms. Each unofficial file is an Electionware Summary Results Report with county totals only (Absentee / Early Voting / Election Day columns; the only 'Precinct' lines are precinct-chair contest names): 2024 general 'Final Unofficial General 11.05.24.pdf' CreationDate Nov 6 02:38 UTC (8:38 PM CST), Last-Modified Wed, 06 Nov 2024 03:03:59 GMT (9:03 PM CST); 2026 primary 'FINAL UNOFFICIAL RESULTS.pdf' CreationDate Mar 4 03:16 UTC (9:16 PM CST), Last-Modified Wed, 04 Mar 2026 04:38:34 GMT (10:38 PM CST); 2026 runoff 'unofficial-results.pdf' footer 'Election Summary - 05/26/2026 8:11 PM', Last-Modified Wed, 27 May 2026 16:16:22 GMT (11:16 AM CDT May 27, so its upload time is after election night). No unofficial precinct-level report is listed for any target election; Official Results files (not opened) follow after canvass. Confidence med: 2024 general and 2026 primary each have printed and upload times on election night. Rule 43 applied 2026-10-02 (normalize-2): 2026_runoff LATER kept, county_totals_first_seen 2026-05-26 20:11 CT. Contact from TX SOS county election officials list (page sha256 065e1ebd63c5)."
Palo Pinto,COUNTY_ONLY_PRECINCT_AT_CANVASS,med,(940) 659-1217,laura.watkins@co.palo-pinto.tx.us,https://www.co.palo-pinto.tx.us/page/ELECTIONRESULTS,county_pdfs,www.co.palo-pinto.tx.us,https://www.co.palo-pinto.tx.us/upload/page/0199/docs/UNOFFICIAL%20Cumulative%20Results-3-3-2026%2010-56-20%20PM.pdf,,,n,,,"No Clarity site (elections.json 404). The Election Results page lists for each 2026 election an early-vote/mail cumulative report, an unofficial cumulative report, then 'Official Cumulative Results' and 'Official Canvass Results'. 2026 primary: '**March 3, 2026 Primary Unofficial Results**' is a Cumulative Results Report (county totals by Absentee / Early / Election Day), 'Precincts Reporting 27 of 54', Run Time 10:56 PM Run Date 03/03/2026, Last-Modified Wed, 04 Mar 2026 04:26:38 GMT (10:26 PM CST; the PDF CreationDate 04:56 UTC is 30 minutes later than the server time, so one of the clocks is off, but both fall on election night). 2026 runoff: '**May 26, 2026 Unofficial Results**' is a Cumulative Results Report (header text reads 'Official Results' though posted as unofficial), Run Time 9:03 PM Run Date 05/26/2026, Last-Modified Wed, 27 May 2026 02:25:53 GMT (9:25 PM CDT). No precinct-level report is listed apart from the 'Official Canvass Results' files (not opened) (primary file stamped 3-9-2026 02-57-25 PM). The 2024 general is not on the page. Check 3 pending for 2024 general: origin/wayback-data not present. Contact from TX SOS county election officials list (page sha256 065e1ebd63c5)."
Panola,COUNTY_ONLY_PRECINCT_AT_CANVASS,med,(903) 693-0370,Kelsey.lake@co.panola.tx.us,https://www.co.panola.tx.us/1201/Elections,county_pdfs,www.co.panola.tx.us,https://www.co.panola.tx.us/DocumentCenter/View/1288,,,n,,,"No Clarity site (elections.json 404). The CivicPlus Elections page has an 'Election Results' tab ('We will have links here when we have the information to post.') listing per election unofficial totals, early totals, reconciliation forms and canvass files. Each unofficial file opened is a scanned Electionware 'Summary Results Report ... UNOFFICIAL RESULTS' with county totals only: 2024 general (DocumentCenter 389, 'TX Panola County 241105 General 6110', 'Election Day Precincts Reporting 19 of 19', footer read as 'Election Summary - 11/05/2024 9:1x PM', scan created Nov 6 03:10 UTC = 9:10 PM CST); 2026 primary ('March 3rd Unofficial Totals', DocumentCenter 1288, footer 'Election Summary - 03/03/2026 9:13 PM', scan created 9:21 PM CST); 2026 runoff ('Unofficial Results', DocumentCenter 1753, footer read as 'Election Summary - 05/26/2026 8:01 PM', scan created 8:37 PM CDT). No precinct-level report is listed for any of them apart from the canvass files ('Rep Canvass', 'Dem Canvass', not opened). The server stamps every response, PDFs included, with the request time as Last-Modified (e.g. Fri, 02 Oct 2026 15:39:29 GMT), so there is no upload-time evidence; confidence is therefore low. DocumentCenter 388 and 390 are May 2024 and March 2024 results (not target elections). Footer times read from 45 dpi renders. Rule 43 applied 2026-10-02 (normalize-2): 2024_general LATER kept, county_totals_first_seen 2024-11-05 21:10 CT; 2026_primary LATER kept, county_totals_first_seen 2026-03-03 21:13 CT; 2026_runoff LATER kept, county_totals_first_seen 2026-05-26 20:37 CT. Contact from TX SOS county election officials list (page sha256 065e1ebd63c5)."
Parker,LIVE_PRECINCT,high,(817) 598-6185,elections@parkercountytx.com,https://www.parkercountytx.gov/441/Past-Election-Results,clarity_style,results.enr.clarityelections.com,https://results.enr.clarityelections.com/TX/Parker/126014/368522/reports/detailxml.zip,,2026-05-26 19:07 CT,n,,,"Seed URL www.parkercountytx.com (http and https) returned HTTP 403. Clarity elections.json for Parker is an empty list. Web search (locating only) found the county's current site page https://www.parkercountytx.gov/441/Past-Election-Results, whose 'Joint Primary March 3, 2026' block links Clarity EID 126014 and whose 'May 26, 2026 Primary Runoff Election' block links EID 126279 ('Official results'); the check 1 script was run with these EIDs from the county's own page. No 2024 general block or Clarity link appears on that page, so the 2024 general is undetermined. Primary: election-night versions at 7:22, 8:57, 9:48, 10:02 and 10:29 PM CST all have 47 precincts with nonzero votes, and nonzero precinct vote cells rise 16358, 21399, 22843, 22913, 23051 (election-day precinct votes added through the night); 3 versions unreadable. Runoff: versions at 7:07 PM and 9:13 PM CDT, 47 precincts, cells 1244 then 1778; 1 version unreadable. The first night versions (7:07 and 7:22 PM) may hold only early-vote precinct numbers; later versions add votes. precinct_first_seen_local_time is the first runoff night version. Check 3 pending for 2024 general: origin/wayback-data not present. Check 1 reconciled to the election-day precinct measure: 2026_runoff: LIVE -> END; tag LIVE_PRECINCT -> UNKNOWN. Targeted pass 2026-10-02 (orchestrator): check 1 applied after bounded Clarity ID search: 2024_general: UNDETERMINED -> LIVE; 2026_primary: LIVE -> LIVE; 2026_runoff: END -> END. Contact from TX SOS county election officials list (page sha256 065e1ebd63c5)."
Parmer,UNKNOWN,low,(806) 481-9151,Jessica.white@parmercounty.texas.gov,https://parmercounty.texas.gov/?page_id=334,county_pdfs,parmercounty.texas.gov,https://parmercounty.texas.gov/?page_id=334,,,n,,,"No Clarity site (elections.json 404). The county Elections page has an 'ELECTION NIGHT RESULTS' heading whose only link is 'Election Night Results' -> https://results.texas-election.com/landing-page (the SOS results site), followed by a results list with one official file per election: 'Nov 5, 2024 General Election' (Official Results, precinct-by-precinct 'Pct.101' etc., created Jan 27 2025, Last-Modified Wed, 29 Jan 2025 16:27:00 GMT), 'March 3rd 2026 Primary Election' (Summary Results Report OFFICIAL RESULTS, county totals, created and Last-Modified Thu, 19 Mar 2026 19:27:22 GMT), 'May 26th 2026 Primary Runoff Election' (OFFICIAL RESULTS with precinct '101' page, created Jun 15 2026, Last-Modified Mon, 15 Jun 2026 21:36:53 GMT). So on election night the county points voters to the SOS site for results, and its own precinct numbers (where posted) come weeks later. The county does post its own official results, so NONE does not fit; LATER is used. It cannot be fully excluded that an election-night file was posted and later replaced, hence confidence low. The HTML page's Last-Modified (Thu, 01 Oct 2026 21:03:45 GMT, cached by another agent) is not used. Rule 43 applied 2026-10-02 (normalize-2): 2024_general LATER to UNDETERMINED; 2026_primary LATER to UNDETERMINED; 2026_runoff LATER to UNDETERMINED. Contact from TX SOS county election officials list (page sha256 065e1ebd63c5)."
Pecos,COUNTY_ONLY_PRECINCT_AT_CANVASS,med,(432) 434-1554,Sophia.franco@co.pecos.tx.us,https://www.co.pecos.tx.us/election-information-past-elections/,county_pdfs,www.co.pecos.tx.us,https://www.co.pecos.tx.us/wp-content/uploads/2026/03/20260303-Unofficial-Results-to-include-Election-Day.pdf,,,n,,,"No Clarity site (elections.json 404). The 'Past Elections' page lists only official result files for the target elections: 2024 general 'Official-Results-20241105.pdf' (Last-Modified Wed, 13 Nov 2024 01:51:57 GMT) and an official reconciliation; 2026 primary '20260303-Official-Results.pdf' (Last-Modified Tue, 10 Mar 2026 00:15:11 GMT) and 'Official Results - Precinct by Precinct' files uploaded in April 2026; 2026 runoff 'Official Results' and 'Official ... Precinct by Precinct Results' files uploaded in June 2026. No unofficial or election-night file is listed (the page text has no 'unofficial' mention), so whether anything was posted on election night cannot be told. The 'Election Information' page has no results section. Check 3 pending: origin/wayback-data not present. Targeted pass 3 2026-10-02 (orchestrator): the county site is WordPress; its public media list (/wp-json/wp/v2/media) gives the upload time of every file, matching the files' Last-Modified headers. Primary and runoff settled LATER from it (DECISIONS 63). Scanned PDFs read from page images. Contact from TX SOS county election officials list (page sha256 065e1ebd63c5)."
Polk,PRECINCT_END_OF_NIGHT,med,(936) 327-6805,shock@co.polk.tx.us,https://www.polktx.gov/313/Elections,county_pdfs,www.polktx.gov,https://www.polktx.gov/DocumentCenter/View/1105,,2026-03-03 21:53 CT,n,,,"Seed URL www.co.polk.tx.us failed (https: certificate not valid for that host; http: HTTP 403). One web search located the current site www.polktx.gov (CivicPlus). No Clarity site (elections.json 404). The Elections page lists 'Cumulative Results-3-3-2026' and 'Precinct Results-3-3-2026', and 'Cumulative Results- 5-26-2026' and 'Precinct Results-5-26-2026'. Both precinct files are 'Precinct Results Report ... Unofficial Results' with per-precinct rows and Election Day votes, 'Precincts Reporting 22 of 22 = 100.00%': primary Run Time 9:53 PM Run Date 03/03/2026 (CreationDate Mar 4 03:53 UTC), runoff Run Time 9:28 PM Run Date 05/26/2026 (CreationDate May 27 02:28 UTC; file name 'Precinct-Results-5-26-2026-09-28-21-PM'). So precinct numbers with election-day votes were printed on election night, but the server stamps every response (PDFs included) with the request time as Last-Modified (e.g. Fri, 02 Oct 2026 15:44:54 GMT), so there is no evidence of when they were posted online; END versus LATER cannot be decided by check 2. The 'Election Results Portal' (polkcountyapps.net/easydocs/election/) returned HTTP 403. The 2024 general is not listed on the current Elections or Election Results pages. Check 3 pending: origin/wayback-data not present. Targeted pass 3 2026-10-02 (targeted3-A): 2026_primary and 2026_runoff changed UNDETERMINED -> END (check 2). The earlier pass left them open because the upload time is unknown; TARGETED3_BRIEF item 2 and rule 47 say that when the server stamps every file with the request time there is no upload time and the printed run time decides. Re-verified: Last-Modified on DocumentCenter/View/1104, 1105 and 1298 equals the fetch time to the second (15:44:54, 15:44:58, 15:45:00 GMT on 2026-10-02). Note: CHECKLIST_BRIEF's confidence text asks for both printed and upload times for med; compute_confidence (DECISIONS 40) returns med for two check 2 elections and was applied as instructed. 2024 general: the Election Returns portal at https://polkcountyapps.net/easydocs/election/ now loads but lists years only to 2022; Elections page lists no 2024 results; Wayback main harvest targeted co.polk.tx.us with no captures; no phase1/targeted/ folder for Polk; sweep pending. Orchestrator 2026-10-02: 2024_general set to LATER from verifier-9's finding (county page links the Nov 2024 unofficial county-totals report, printed 9:40 PM; no precinct report posted). Tag unchanged (two END elections). Contact from TX SOS county election officials list (page sha256 065e1ebd63c5)."
Potter,UNKNOWN,low,(806) 379-2299,Christybenge@co.potter.tx.us,https://www.pottercountytexasvotes.gov/archived-election-results,county_pdfs,www.pottercountytexasvotes.gov,https://www.pottercountytexasvotes.gov/archived-election-results,,,n,,,"Clarity elections.json for Potter returned HTTP 403 (not 404); no Clarity link was found on the county pages, so check 1 could not run. The county Elections page links 'Elections Information' -> pottercountyvotes.com, which redirects to www.pottercountytexasvotes.gov (Wix). Its 'Archived Election Results' page lists per election Democratic/Republican Canvass, Cumulative and 'Pct. x Pct.' files plus reconciliation forms. The two precinct files opened are canvass-time 'Official Results': runoff 'REP PCT X PCT' Run Date 06/02/2026 11:05 AM (Last-Modified Thu, 04 Jun 2026 21:01:24 GMT) and primary 'REP PctxPct Report' Run Date 03/10/2026 10:31 AM (Last-Modified Wed, 11 Mar 2026 19:10:01 GMT). The 'Current Election' page has no results section. Any election-night postings are no longer listed, so check 2 cannot decide. Which archived block is the 2024 general was not established within the effort budget. Check 3 pending: origin/wayback-data not present. Targeted pass 3 2026-10-02 (targeted3-B): no election decided; tag and results unchanged. Tried: (1) all report files for the three elections on Archived Election Results (Wix _files/ugd, which returns real Last-Modified values): 2024 general 'General Cumulative' (Official Results, Run Date 11/20/2024, Last-Modified Fri, 22 Nov 2024 19:04:09 GMT) and 'General Pct. x Pct.' (Official Results, Run Date 11/22/2024, Last-Modified Fri, 22 Nov 2024 19:07:59 GMT); 2026 primary 'Republican Cumulative' (Official Results, Run Date 03/10/2026, Last-Modified Wed, 11 Mar 2026 19:09:58 GMT); 2026 runoff 'Republican Cumulative' (Official Results, Run Date 06/02/2026, Last-Modified Thu, 04 Jun 2026 21:01:24 GMT). All canvass-time; no election-night file is listed. An unlisted Wix file found by search (abcbbe_2d48...pdf) is a 2024 polling-place list. (2) Check 4: NewsChannel 10 runoff-night article embeds 'Potter Co. Election Results' on Scribd, but the Scribd page exposes no readable text or run time (only an AI summary), so it cannot be used. Wayback harvest for co.potter.tx.us failed (connection refused); no targeted archive data; sweep pending. Contact from TX SOS county election officials list (page sha256 065e1ebd63c5)."
Presidio,COUNTY_ONLY_PRECINCT_AT_CANVASS,low,(432) 729-4812,elections@co.presidio.tx.us,https://www.co.presidio.tx.us/page/presidio.Election.Information,county_pdfs,www.co.presidio.tx.us,https://www.co.presidio.tx.us/upload/page/4732/2026/2026 REPUBLICAN PRIMARY ELECTION.pdf,,,n,,,"No Clarity site (elections.json 404). The 'Elections Information' page lists for the 2026 primary two SOS 'Election Unofficial Results Report' PDFs (county totals; REP CreationDate Mar 4 06:49 UTC = 12:49 AM CST, Last-Modified Wed, 04 Mar 2026 15:58:54 GMT = 9:58 AM CST Mar 4) and two Excel-made 'Unofficial Election Results by Precinct' PDFs (REP: columns PCT 1 to PCT 7 with election-day votes, CreationDate and Last-Modified Wed, 11 Mar 2026 16:5x GMT). No results are listed for the 2026 runoff or the 2024 general (older results listed: 2024 March primary, 2020 and 2016 generals). Check 3 pending for 2024 general and 2026 runoff: origin/wayback-data not present. Rule 43 applied 2026-10-02 (normalize-2): 2026_primary LATER kept, county_totals_first_seen 2026-03-04 00:49 CT. Contact from TX SOS county election officials list (page sha256 065e1ebd63c5)."
Rains,COUNTY_ONLY_PRECINCT_AT_CANVASS,med,(903) 473-5009,lisa.kneifl@co.rains.tx.us,https://www.co.rains.tx.us/page/rains.Elections,county_pdfs,www.co.rains.tx.us,https://www.co.rains.tx.us/upload/page/2858/2026 PRIMARY/Unofficial Precinct by Precinct Results-3-4-2026 08-19-31 PM.pdf,,,n,,,"No Clarity site (elections.json 404). The Elections Department page lists unofficial and official files per election (some on newtools.cira.state.tx.us, the same CMS file host). 2024 general: 'UNOFFICIAL RESULTS 11-5-24 GENERAL ELECTION-RAINS CO' is a scanned Cumulative Results Report (county totals, 'Polling Places Reporting 10 of 11', run time read as about 9:13 PM 11/5/2024), scan created 9:38 PM CST, Last-Modified Wed, 06 Nov 2024 17:00:25 GMT (11:00 AM CST Nov 6); then 'Rains County Official Results November 5 2024' (not opened). 2026 primary: 'UNOFFICIAL 2026 PRIMARY ELECTION RESULTS' is a scanned cumulative report (county totals, 37 pages), Last-Modified Wed, 04 Mar 2026 14:13:35 GMT (8:13 AM CST Mar 4); 'UNOFFICIAL PRECINCT BY PRECINCT RESULTS' is a Precinct Results Report 'Unofficial Results', Run Time 8:19 PM Run Date 03/04/2026 ('Polling Places Reporting 10 of 11'), Last-Modified Mon, 06 Apr 2026 13:45:08 GMT. 2026 runoff: 'UNOFFICIAL RESULTS PRIMARY RUN-OFF 5-26-26' is a scanned Cumulative Results Report (county totals), scan created 9:05 PM CDT, Last-Modified Wed, 27 May 2026 02:09:01 GMT (9:09 PM CDT May 26); no unofficial precinct report is listed for the runoff, only 'Official Cumulative Results-6-2-2026'. Confidence low: only the runoff has both printed and upload times on election night. Rule 43 applied 2026-10-02 (normalize-2): 2024_general LATER kept, county_totals_first_seen 2024-11-05 21:38 CT; 2026_primary LATER to UNDETERMINED. 2026_primary: the county-totals file was scanned Mar 4 13:48 UTC (7:48 AM CST) and its OCR text shows no run time. Contact from TX SOS county election officials list (page sha256 065e1ebd63c5)."
Randall,UNKNOWN,low,(806) 468-5510,elections@randallcounty.gov,https://www.randallcounty.gov/183/Election-Results,county_pdfs,www.randallcounty.gov,https://www.scribd.com/document/1043721264/Randall-Co-Republican-Cumulative-5-26-2026-08-43-35-PM,,,n,,,"Seed URL https://www.randallcounty.com/QuickLinks.aspx?CID=19 and the current domain https://www.randallcounty.gov/ were both refused by the fetch module (robots_disallowed_or_unreachable; the robots.txt request for each host was reset by the peer), so no county page, report list or Last-Modified header could be read. One web search located the results page https://www.randallcounty.gov/183/Election-Results (CivicPlus DocumentCenter files such as 'Official Canvass Results' and 2020 cumulative reports), but it could not be fetched; search text is not evidence. No Clarity site (elections.json 404). Check 3 pending: origin/wayback-data not present. Targeted pass 3 2026-10-02 (targeted3-B): www.randallcounty.gov is now reachable; /183/Election-Results lists only Official Cumulative and Official Canvass (precinct) reports plus reconciliations for all three elections, and /166/Election-Administration has no other results link. Check 4 found a NewsChannel 10 runoff-night article (published 8:58 PM CDT) embedding the county's 'Republican Cumulative' report 'Unofficial Results' printed 8:43 PM 05/26/2026 (county totals). The 2026 runoff is set to LATER on that basis (check 4, rule check4): an election-night county-totals report and no election-night precinct report found; caveat: the copy came from a TV station, so it does not show the county posted it online itself. Searches found no comparable March 2026 or November 2024 election-night copy; those stay UNDETERMINED. Sweep pending. Orchestrator ruling 2026-10-02: 2026_runoff reverted from LATER (check 4) to UNDETERMINED (DECISIONS 62). Contact from TX SOS county election officials list (page sha256 065e1ebd63c5)."
Reagan,COUNTY_ONLY_PRECINCT_AT_CANVASS,low,(432) 301-4701,elections@reagancounty.org,https://www.co.reagan.tx.us/page/reagan.Elections,county_pdfs,www.co.reagan.tx.us,https://www.co.reagan.tx.us/upload/page/9496/precinct_results5262026.pdf,,,n,,,"No county website in the seed list; one web search located https://www.co.reagan.tx.us/page/reagan.Elections. No Clarity site (elections.json 404). The page (files on www.co.reagan.tx.us and newtools.cira.state.tx.us) lists per election unofficial/official results, precinct results and reconciliation forms. Every result file opened was uploaded after election night: 2024 general 'general_election_results_for_1152024.pdf' Last-Modified Wed, 20 Nov 2024 21:56:36 GMT and 'precinct_results11182024_075528_am.pdf' (precinct report run Nov 18 2024 by its file name, not opened); 2026 primary 'Unofficial Results' (332026_results.pdf) Last-Modified Wed, 04 Mar 2026 15:34:14 GMT (9:34 AM CST Mar 4) and 'PRECINCT BY PRECINCT RESULTS' (Precinct Results Report, Run Date 03/09/2026 10:54 AM, Last-Modified Tue, 07 Apr 2026 21:56:38 GMT); 2026 runoff 'Precinct Results 5/26/2026' (Precinct Results Report 'Unofficial Results', Run Time 7:47 PM Run Date 05/26/2026, but PDF CreationDate May 27 17:03 UTC and Last-Modified Wed, 27 May 2026 17:22:58 GMT = 12:22 PM CDT May 27). So precinct numbers were posted only after election night in all three elections. The 2026 primary unofficial file is image-only and was not inspected page by page; it was uploaded after election night either way. Rule 43 applied 2026-10-02 (normalize-2): 2024_general LATER to UNDETERMINED; 2026_primary LATER kept, county_totals_first_seen 2026-03-03 20:39 CT; 2026_runoff LATER to UNDETERMINED. 2026_runoff: the only election-night printed file is a precinct report (Run Time 7:47 PM Run Date 05/26/2026, election-day votes per precinct) uploaded at 12:22 PM May 27; no election-night county-totals file is listed, so LATER cannot be shown. 2024_general file was scanned Nov 20 2024. Contact from TX SOS county election officials list (page sha256 065e1ebd63c5)."
Real,COUNTY_ONLY_PRECINCT_AT_CANVASS,low,(830) 232-5202,realcl@hctc.net,https://www.co.real.tx.us/page/real.Elections,county_pdfs,www.co.real.tx.us,https://www.co.real.tx.us/upload/page/0250/docs/2024/2024_november_05_election_results.pdf,,,n,,,"Seed URL over http returns 403; https works. No Clarity site (elections.json 404). Results are scanned or Electionware PDFs on the county Elections page (page/real.Elections). The server returns distinct per-file Last-Modified values (the 2024 summary Nov 6 2024, the canvass Nov 15 2024), so upload times are usable, though a file replaced later would hide an earlier upload. 2024 unofficial summary PDF CreationDate Wed Nov 6 03:46:48 2024 UTC (9:46 PM CST Nov 5) but the server upload is Nov 6 12:25 PM CST. The canvass PDF is image-only (no text layer); page 2 was read visually and is the SOS canvass report with county totals. No 2026 primary or runoff results are posted on the page. Check 3 pending (wayback-data branch not found on origin). Contact from TX SOS county election officials list (page sha256 065e1ebd63c5)."
Red River,COUNTY_ONLY_PRECINCT_AT_CANVASS,med,(903) 427-2401,cchandler@co.red-river.tx.us,https://www.co.red-river.tx.us/page/redriver.ElectionsCountyClerk,county_pdfs,www.co.red-river.tx.us,https://www.co.red-river.tx.us/upload/page/10703/Unofficial Runoff Results.pdf,,,n,,,"Seed URL http://www.co.red-river.tx.us/ works over https; results are PDFs on the County Clerk Elections page (page/redriver.ElectionsCountyClerk). No Clarity site (elections.json 404). The server returns distinct per-file Last-Modified values that match the PDF creation times, so upload times are usable. The 2024 general and 2026 runoff unofficial files are scanned images (read visually); the 2026 primary unofficial files are SOS-generated county reports with no printed run time, so their PDF CreationDate serves as run time. The page also links results.texas-election.com. Check 3 not needed (wayback-data branch not found on origin anyway). Contact from TX SOS county election officials list (page sha256 065e1ebd63c5)."
Reeves,UNKNOWN,low,(432) 287-0222 Option #4,elections@reevescounty.org,https://www.reevescounty.org/departments/elections/election-results-archive,unknown,www.reevescounty.org,,,,n,,,"No Clarity site (elections.json 404). The seed elections page https://www.reevescounty.org/departments/elections, the home page and the results archive page found by one web search (departments/elections/election-results-archive) all return HTTP 403 to the fetch module (bot protection); per the brief this was not worked around, so no county-posted reports could be read. No other vendor site was found. Check 3 pending (wayback-data branch not found on origin). Contact from TX SOS county election officials list (page sha256 065e1ebd63c5)."
Refugio,UNKNOWN,low,(361) 526-2151,Catherine.fuller@co.refugio.tx.us,https://www.co.refugio.tx.us/page/refugio.Elections.ElectionResults,county_pdfs,www.co.refugio.tx.us,,,,n,,,"Seed URL (default.aspx?Refugio_County/Elections) loads over https. No Clarity site (elections.json 404). The Election Results page says results are posted twice on election night (early voting after 7 PM, then end of night) but does not say whether they are county totals or precinct numbers, and it links only results.texas-election.com and a turnout history PDF. Past Elections lists 2022 and earlier official cumulative, precinct and canvass PDFs; nothing for the 2024 general, 2026 primary or 2026 runoff is posted now, so checks 1 and 2 cannot decide any election. Check 3 pending (wayback-data branch not found on origin); the stated two-posting practice makes check 3 worthwhile here. Contact from TX SOS county election officials list (page sha256 065e1ebd63c5)."
Roberts,COUNTY_ONLY_PRECINCT_AT_CANVASS,low,(806) 868-2341,debra.shewmake@co.roberts.tx.us,https://www.co.roberts.tx.us/page/roberts.elections,county_pdfs,www.co.roberts.tx.us,https://www.co.roberts.tx.us/upload/page/9388/REPUBLICAN RESULTS.pdf,,,n,,,"No seed website; the county site is https://www.co.roberts.tx.us/ (Elections page page/roberts.elections). No Clarity site (elections.json 404). The server returns distinct per-file Last-Modified values, so upload times are usable. The two primary result files are image scans (RICOH copier) with no text layer; pages 1-2 of the Republican file were read visually. Nothing for the 2024 general or the 2026 runoff results is posted. Check 3 pending (wayback-data branch not found on origin). Rule 43 applied 2026-10-02 (normalize-4): 2026_primary LATER kept, county_totals_first_seen 2026-03-03 20:13 CT. Contact from TX SOS county election officials list (page sha256 065e1ebd63c5)."
Robertson,UNKNOWN,low,(979) 828-5726,elections.dept@co.robertson.tx.us,https://www.co.robertson.tx.us/page/robertson.Elections,clarity_style,results.enr.clarityelections.com,https://results.enr.clarityelections.com/TX/Robertson/126055/368459/reports/detailxml.zip,,2024-11-05 19:07 CT,n,,,"Verifier disagreement: research tag PRECINCT_END_OF_NIGHT, verifier tag LIVE_PRECINCT; set to UNKNOWN per rule. Seed URL works over https; the Elections page links each election's Clarity site. Clarity elections.json for TX/Robertson returns 404, so the check 1 script was run with the county-linked EIDs (122830, 126055, 126389). Each Clarity site had one or more unreadable early versions (HTTP 404) that are pre-election. The 2026 runoff has a 4:23 PM CDT update with precinct numbers before polls closed (likely early votes). The county also posts reconciliation PDFs; not needed since check 1 settled all three elections. Check 1 reconciled to the election-day precinct measure: 2024_general: LIVE -> END; 2026_primary: LIVE -> END; 2026_runoff: LIVE -> END; tag LIVE_PRECINCT -> PRECINCT_END_OF_NIGHT. Contact from TX SOS county election officials list (page sha256 065e1ebd63c5)."
Rockwall,LIVE_PRECINCT,high,(972) 204-6200,elections@rockwallcountytexas.com,https://results.enr.clarityelections.com/TX/Rockwall/,clarity_style,results.enr.clarityelections.com,https://results.enr.clarityelections.com/TX/Rockwall/126010/368461/reports/detailxml.zip,,2024-11-05 19:00 CT,n,,,"Rockwall's Clarity elections.json lists all three elections (EIDs 122491, 126010, 126371); the check 1 script read every published update. Several versions returned HTTP 404 (unreadable); readable election-night updates alone show precinct numbers in multiple updates. The county website was not opened because check 1 settled all three elections. Contact from TX SOS county election officials list (page sha256 065e1ebd63c5)."
Runnels,UNKNOWN,low,(325) 365-5027,elections@runnelscounty.org,https://www.runnelscounty.org/page/runnels.Elections,unknown,www.runnelscounty.org,,,,n,,,"Seed URL http://www.co.runnels.tx.us/ (and its https form and /page/runnels.Elections) returns HTTP 403; the county's current domain www.runnelscounty.org (matching the elections email) loads. No Clarity site (elections.json 404). The Elections page and the Elections Administrator page post no results for the 2024 general, 2026 primary or 2026 runoff; the only results file is 'May 2025 Jail Bond Election Precinct Results.pdf'. The page carries a notice about political subdivision documents (not a results usage notice). Check 3 pending (wayback-data branch not found on origin). Contact from TX SOS county election officials list (page sha256 065e1ebd63c5)."
Rusk,LIVE_PRECINCT,high,(903) 657-0321,electionmgr@co.rusk.tx.us,https://results.enr.clarityelections.com/TX/Rusk/,clarity_style,results.enr.clarityelections.com,https://results.enr.clarityelections.com/TX/Rusk/122760/351536/reports/detailxml.zip,,2024-11-05 20:14 CT,n,,,"Rusk's Clarity elections.json lists all three elections (EIDs 122760, 126016, 126475); the check 1 script read every published update. Several versions returned HTTP 404 (unreadable), all numbered before the readable pre-election versions, except two after election night for 2024 (355916, 355917). The 2026 primary and runoff each have a pre-close afternoon update with precinct numbers (early votes). The county website was not opened because check 1 settled all three elections. Contact from TX SOS county election officials list (page sha256 065e1ebd63c5)."
Sabine,UNKNOWN,low,(409) 787-3786,sabine.elections@co.sabine.tx.us,https://www.co.sabine.tx.us/page/sabine.Elections,county_pdfs,www.co.sabine.tx.us,https://www.co.sabine.tx.us/upload/page/3469/Official%20runoff.pdf,,,n,,"The County Clerk's Office, Sabine County, Texas provides this web site as a public service. Information available on this web site is collected, maintained, and provided solely for the convenience of the public users. While every effort is made to assure that this information is accurate the County Clerk does not certify the authenticity of the information contained herein. The County Clerk shall under no circumstance be responsible for any error or omission which may occur in these records, nor liable for any actions taken as a result of reliance upon any information contained within this web site from whatever source, or any other consequence from such reliance. Images may be unavailable while system backups are in progress.","Seed URL over http returns 403; https works. The Elections page (sabine.Elections) currently lists only May 26, 2026 runoff items: 'MAY 26, 2026 PRIMARY RUNOFF OFFICIAL RESULTS' (Cumulative Results Report, county totals, Official Results, Run Date 06/02/2026; Last-Modified Tue, 02 Jun 2026 19:51:45 GMT), a hand count audit certification and a BBM hand count. The 'Election Results & Required Postings' page stops at 2022 and links 'PRECINCT BY PRECINCT ELECTION RESULTS' to sabine.easydocs.us/election/, which offers only 2017, 2018 and 2022. Nothing for the 2024 general or 2026 primary is posted, and no election-night file for the runoff survives (the official file may have replaced an unofficial one), so no election can be decided from checks 1 and 2. No Clarity site (elections.json 404). The usage notice is the disclaimer on the easydocs precinct results page. Check 3 pending (wayback-data branch not found on origin). Contact from TX SOS county election officials list (page sha256 065e1ebd63c5)."
San Augustine,COUNTY_ONLY_PRECINCT_AT_CANVASS,med,(936) 275-0989,elections@co.san-augustine.tx.us,https://www.co.san-augustine.tx.us/page/sanaugustine.Elections,county_pdfs,www.co.san-augustine.tx.us,https://www.co.san-augustine.tx.us/upload/page/10663/March 2026 Unofficial Results.pdf,,,n,,,"On the first attempt the county host was unreachable (robots.txt request reset by peer); a retry later in the session succeeded. No Clarity site (elections.json 404). Results are scanned Hart cumulative reports on page/sanaugustine.Elections; server Last-Modified values differ by file and follow the scan creation times, so upload times are usable. Printed run times on the scans are not legible at the resolution read, so the PDF CreationDate is used as the printed time (per brief). Each target election has one election-night county-total posting and no precinct-level results. Contact from TX SOS county election officials list (page sha256 065e1ebd63c5)."
San Jacinto,COUNTY_ONLY_PRECINCT_AT_CANVASS,med,(936) 653-5804,ea@san-jac.us,https://www.co.san-jacinto.tx.us/page/sanjacinto.Elections,county_pdfs,www.co.san-jacinto.tx.us,https://www.co.san-jacinto.tx.us/upload/page/6941/Republican Unofficial Results.pdf,,,n,,,"Seed URL works over https; all results are on the single Elections page (page/sanjacinto.Elections), some served from newtools.cira.state.tx.us. No Clarity site (elections.json 404). The server returns distinct per-file Last-Modified values, so upload times are usable, though a replaced file would hide an earlier upload. The 2024 and 2026 primary result files are image scans read visually; the 2026 primary pages carry Hart's 'Official Results' banner but are listed as unofficial and printed on election night. No precinct-by-precinct reports are posted for any of the three elections. Check 3 pending for the runoff (wayback-data branch not found on origin). Rule 43 applied 2026-10-02 (normalize-4): 2024_general LATER kept, county_totals_first_seen 2024-11-06 01:12 CT. Contact from TX SOS county election officials list (page sha256 065e1ebd63c5)."
San Patricio,UNKNOWN,low,(361) 364-6121,vpereida@sanpatriciocountytx.gov,https://www.sanpatriciocountytx.gov/page/elections.current,county_pdfs,www.sanpatriciocountytx.gov,,,,n,,,"The seed domain co.san-patricio.tx.us now serves the county homepage for the elections path; the current domain is www.sanpatriciocountytx.gov (page/elections.home, page/elections.current). No Clarity site (elections.json 404). The Elections page lists only official cumulative and canvass reports for the 2026 primary and runoff (canvass reports are precinct-level by name, dated after canvass) and nothing for the 2024 general; the archive pages stop at 2022. No election-night file survives, so checks 1 and 2 cannot decide any election. Precinct-level canvass PDFs were not opened since they are post-canvass by title. Check 3 pending (wayback-data branch not found on origin). Targeted pass 3 2026-10-02 (targeted3-C): no election changed. Tried: (1) Current page result files with upload times (this server sends real Last-Modified): 2026 primary 'Official Republican Cumulative Results.pdf' printed Run Date 03/11/2026 11:41 AM, Last-Modified Thu, 12 Mar 2026 19:46 GMT; runoff 'Republican/Democratic Cumulative Results.pdf' printed 06/02/2026 2:38 PM, Last-Modified Mon, 08 Jun 2026 13:46 GMT; all post-canvass, no election-night file. (2) Lead for 2024_general: a web search found a San Patricio County 'Cumulative Results Report ... Unofficial Results ... GENERAL ELECTION ... Precincts Reporting 28 of 28 = 100.00% ... Run Time 9:11 PM ... Run Date 11/05/2024' (one page, Taft races only, county-level totals) hosted by the City of Taft at https://tafttx.gov/transparency-files/604-election-20241105-unofficial-election-results.pdf (hash f1cd091c..., Last-Modified Wed, 06 Nov 2024 03:47:38 GMT = 9:47 PM CST). It shows the county produced unofficial cumulative reports on election night, but it is a city's posting, not the county's, and says nothing about precinct numbers, so 2024_general stays UNDETERMINED. (3) archive pages still stop at 2022; Wayback harvest for co.san-patricio.tx.us failed (robots_disallowed_or_unreachable) and the current domain was not harvested. Sweep pending. Contact from TX SOS county election officials list (page sha256 065e1ebd63c5)."
San Saba,UNKNOWN,low,(325) 372-3614,clerk@co.san-saba.tx.us,https://www.co.san-saba.tx.us/page/sansaba.Elections,county_pdfs,www.co.san-saba.tx.us,https://www.co.san-saba.tx.us/upload/page/6028/DOC716.pdf,,,n,,,"Seed URL works over https; results are scanned PDFs on the Elections page (page/sansaba.Elections). No Clarity site (elections.json 404). The server returns distinct per-file Last-Modified values close to the scan CreationDate, so upload times are usable. Only county-total reports are posted for the 2026 primary and runoff, both after election night; no 2024 general results are posted. Check 3 pending for the 2024 general (wayback-data branch not found on origin). Rule 43 applied 2026-10-02 (normalize-4): 2026_primary LATER to UNDETERMINED; 2026_runoff LATER to UNDETERMINED. Contact from TX SOS county election officials list (page sha256 065e1ebd63c5)."
Schleicher,COUNTY_ONLY_PRECINCT_AT_CANVASS,med,(325) 853-2833,scclerk@co.schleicher.tx.us,https://www.co.schleicher.tx.us/page/Elections,county_pdfs,www.co.schleicher.tx.us,https://www.co.schleicher.tx.us/upload/page/0086/UNOFFICIAL RESULTS.pdf,,,n,,,"No seed website; the county site is www.co.schleicher.tx.us (2026 Elections page and Past Elections archive). Archive links point to www.schleichercounty.gov, which returned HTTP 403 to the fetch module; the same upload path on www.co.schleicher.tx.us served the 2024 file. No Clarity site (elections.json 404). Server Last-Modified values differ by file and follow the PDF creation times, so upload times are usable. Only SOS county-total reports are posted; no precinct-by-precinct results for any target election. Confidence med follows the pilot practice (Hudspeth): the 2024 report has both a PDF creation time and an election-night upload; the runoff reports were uploaded the next morning. Check 3 pending for the 2026 primary (wayback-data branch not found on origin). Rule 43 applied 2026-10-02 (normalize-4): 2026_runoff LATER kept, county_totals_first_seen 2026-05-26 19:32 CT. Contact from TX SOS county election officials list (page sha256 065e1ebd63c5)."
Scurry,UNKNOWN,low,(325) 238-7078,lori.botts@co.scurry.tx.us,https://www.co.scurry.tx.us/page/elections.information,county_pdfs,www.co.scurry.tx.us,https://www.co.scurry.tx.us/upload/page/0163/2Unofficial Summary Results by PCT 5262026.pdf,,,n,,,"Verifier disagreement: research tag UNKNOWN, verifier tag COUNTY_ONLY_PRECINCT_AT_CANVASS; set to UNKNOWN per rule. Seed URL (default.aspx?Scurry_County/Elections) loads over https; results are on page/elections.information (current) and page/elections.previous.elections (archive). No Clarity site (elections.json 404). Server Last-Modified values differ per file, so upload times are usable. Both 2026 runoff result files are scans made June 11, 2026; the precinct report's printed time is 06/02/2026 2:10 PM. No results for the 2024 general or 2026 primary are posted. Check 3 pending (wayback-data branch not found on origin). Rule 43 applied 2026-10-02 (normalize-2): 2026_runoff LATER to UNDETERMINED. Contact from TX SOS county election officials list (page sha256 065e1ebd63c5)."
Shackelford,UNKNOWN,low,(325) 762-9415,cheri.hawkins@shackelfordcounty.org,https://www.shackelfordcounty.org/page/shackelford.Elections,unknown,www.shackelfordcounty.org,,,,n,,,"No seed website; the county site is www.shackelfordcounty.org (domain of the SOS-listed email), Elections page page/shackelford.Elections. No Clarity site (elections.json 404). The page lists November 2026 notices, a runoff PEHCA certification and the March primary 'Election Reconciliation Official Totals', but no results reports for the 2024 general, 2026 primary or 2026 runoff. Check 3 pending (wayback-data branch not found on origin). Contact from TX SOS county election officials list (page sha256 065e1ebd63c5)."
Shelby,COUNTY_ONLY_PRECINCT_AT_CANVASS,med,(936) 598-5340,Nancy.adams@co.shelby.tx.us,https://www.co.shelby.tx.us/page/shelby.Elections,county_pdfs,www.co.shelby.tx.us,https://www.co.shelby.tx.us/upload/page/2753/2026NewFolder/Unofficial Results.pdf,,,n,,,"Seed URL works over https; all results are on page/shelby.Elections. No Clarity site (elections.json 404). Server Last-Modified values differ by file and generally follow PDF creation times, so upload times are usable. The Electionware footer clock appears to run ahead of the server clock (the primary summary footer says 11:00 PM but the file was on the server at 10:36 PM CST; the precinct report footer says 6:29 PM Mar 4 but Last-Modified is 4:11 PM CST Mar 4); either way the primary precinct report is from Mar 4. Confidence med follows the pilot practice (Hudspeth) where at least one deciding election has both a printed run time and an election-night upload (the 2026 primary); the 2024 and runoff uploads are next-day. Rule 43 applied 2026-10-02 (normalize-2): 2026_runoff LATER to UNDETERMINED. Contact from TX SOS county election officials list (page sha256 065e1ebd63c5)."
Sherman,UNKNOWN,low,(806) 366-2371,laurarogers@co.sherman.tx.us,https://www.co.sherman.tx.us/page/Elections.2026,unknown,www.co.sherman.tx.us,,,,n,,,"Seed URL works over https and its menu lists Elections - Home, Elections 2026, Elections 2025 and Earlier, and Campaign Finance & Historical Election Results (ezTask Titanium site). Each of those URLs (page/Elections.2026, page/Elections.2025.and.Earlier, page/Elections.CampaignFinance, page/Elections.Home) returned HTTP 200 with the homepage body (title 'Sherman County, Texas', burn ban notice) and no election documents, so check 2 could not be done. No Clarity site (elections.json 404). Check 3 pending (wayback-data branch not found on origin). Contact from TX SOS county election officials list (page sha256 065e1ebd63c5)."
Smith,UNKNOWN,low,(903) 590-4777,scelections@smith-county.com,https://www.smith-county.com/236/Current-Election-Results,county_pdfs,www.smith-county.com,https://www.smith-county.com/236/Current-Election-Results,,,n,,,"Seed URL /government/departments/elections returned HTTP 404; the county elections pages are /213/Elections and /236/Current-Election-Results. No Clarity site (elections.json 404). The results page states: 'Early Voting and Absentee results will be posted here on Election Night at 7 pm. After all locations deliver their Election Day ballots, those results will be tabulated, and the resulting report(s) will replace the previous document posted. The final results will be posted after Canvassing (this usually takes about 2 weeks after an election).' The page now lists, for the 2026 primary and runoff, only Official Canvass, Official Precinct, Official Summary, Polling Place and Reconciliation reports (links to portal.laserfiche.com); the election-night unofficial result reports have been replaced, so check 2 cannot show whether they had precinct numbers. 2024 general is not on the current page; the 'Election Archive' (portal.laserfiche.com Browse id=333) and DocView/ElectronicFile links answered the fetch module with HTTP 302 (not followed to content), so no archived report or upload time could be read. The CivicPlus page's Last-Modified equals the request time (Fri, 02 Oct 2026 14:10:04 GMT), so it gives no upload evidence. Election precinct boundary change documents are linked from /213/Elections; they concern precinct lines, not precinct reporting, so stated_change_2026 is n. Check 3 pending: origin/wayback-data not present. Targeted pass 2026-10-02 (targeted-Smith): no election changed. Tried: (1) origin/wayback-data at 4c92687: phase1/wayback_snapshots/Smith/index.json has zero captures in all three windows; phase1/targeted/archives/Smith and phase1/targeted/wayback/Smith not yet published (checked at start and again at end). (2) Direct Wayback CDX, Memento TimeTravel and archive.ph timemaps through the fetch module: robots_disallowed_or_unreachable (web.archive.org connection reset from this environment). archive.org/wayback/available (cached by research-B) shows a Wayback capture of www.smith-county.com/236/Current-Election-Results at 20260304090704 UTC (2026-03-04 03:07 CST), just outside the harvest's 01:00-09:00 UTC CDX window but inside the targeted 7 PM-9 AM window; its content (which election-night report was linked) is unread - lead for the targeted Wayback job. No capture near Nov 5-6 2024 (closest 20260115215652) or May 26-27 2026 (closest 20260304090704). (3) Laserfiche portal (portal.laserfiche.com Browse id=333, DocView, ElectronicFile): each answers 302 'Object moved' to the same URL (session-cookie redirect loop); the fetch module keeps no cookies, so not reachable without a browser session; not worked around. (4) Check 4 news: cbs19.tv articles returned HTTP 403; KETK primary turnout story (2026-03-05) and KLTV 2025-10-09 story have no precinct numbers. Tyler Morning Telegraph 'UNOFFICIAL ELECTION RESULTS: Republican and Democratic Primaries in Smith County' (published 1:22 am Mar 4 2026) gives county-wide percentages only and says results are 'as reported in Smith County's final report Tuesday night, which was published just before 10:30 p.m.'; Tyler Paper runoff story (published 7:32 am May 27 2026) gives county totals 'reported by Smith County at 9:40 p.m. Tuesday'. These are leads on when the county's final election-night report was posted, not evidence of whether it had precinct numbers; no third-party per-precinct tables found for any election. Targeted pass 3 2026-10-02 (targeted3-D): no election changed. Tried: (1) wayback-data phase1/targeted/wayback/Smith: the one capture in the targeted window (www.smith-county.com/236/Current-Election-Results, 2026-03-04 03:07 CST) shows under 'March 3, 2026 Joint Primary Elections' only '2026-03 Final Report of the Night' (Laserfiche DocView id=4030) and '2026-03 Unofficial Reconciliation Report' (id=4031), so the night report existed but its content is not in the capture; no captures for 2024 general or the runoff; archives_index has no mementos (Memento aggregator unreachable, archive.today empty). (2) archive.org/wayback/available for DocView id=4030 and ElectronicFile docid=4030: no archived snapshots. (3) Laserfiche repository r-927d42fb with the cookie-keeping client: Browse.aspx?id=333 (Election Archive) now answers 200 but is an Angular shell ('Loading...'); &cr=1 gives the same shell; the folder listing comes only from POST page methods (FolderListingService.aspx/GetFolderListing2 in app/dist/browse/main.js), which the GET-only fetch module cannot call, so archive entries could not be listed; adjacent document IDs were not probed. (4) Tyler Paper stories (cached) give county-wide figures only; the 2024 story says results are 'as of the final unofficial report of the night released by the county elections office, with 38 of 38 polling places reporting' (lead). Sweep pending. Contact from TX SOS county election officials list (page sha256 065e1ebd63c5)."
Somervell,UNKNOWN,low,(254) 897-9470,elections@co.somervell.tx.us,https://www.somervell.co/161/Past-Election-Results,county_pdfs,www.somervell.co,,,,n,,,"Seed URL http://www.somervell.co/additional-offices/elections/ returns 404 (site moved to CivicPlus); the sitemap gives Elections (160/Elections) and Past Election Results (161/Past-Election-Results). No Clarity site (elections.json 404). The archive lists only official results through November 2022; nothing for the 2024 general, 2026 primary or 2026 runoff. The CivicPlus server stamps HTML pages with the request time as Last-Modified, so page dates give no upload evidence. Check 3 pending (wayback-data branch not found on origin). Contact from TX SOS county election officials list (page sha256 065e1ebd63c5)."
Starr,COUNTY_ONLY_PRECINCT_AT_CANVASS,low,(956) 716-4800,elections@co.starr.tx.us,https://www.co.starr.tx.us/page/Elections.2026,county_pdfs,www.co.starr.tx.us,https://www.co.starr.tx.us/upload/page/0119/docs/2026/March Primary/2026 PRIMARY UNOFFICIAL PCT REPORT.pdf,,,n,,,"Seed URL works over https; results are on page/Elections.2026 and page/Elections.Archive. No Clarity site (elections.json 404). Server Last-Modified values differ by file and follow the PDF creation times, so upload times are usable; a file replaced later would hide an earlier upload (the runoff SOS file was re-uploaded June 24, 2026). Following the pilot practice (Jim Hogg), a precinct report printed on election night but uploaded the next morning counts as LATER. Check 3 (Wayback) pending: origin/wayback-data not present, so earlier election-night uploads that were later replaced cannot be ruled out. Rule 43 applied 2026-10-02 (normalize-2): 2026_runoff LATER kept, county_totals_first_seen 2026-05-26 21:21 CT. Rule 43 applied 2026-10-02 (normalize-4): 2024_general LATER to UNDETERMINED; 2026_primary LATER to UNDETERMINED. Contact from TX SOS county election officials list (page sha256 065e1ebd63c5)."
Stephens,COUNTY_ONLY_PRECINCT_AT_CANVASS,med,(254) 559-3700,jdecocl@stephenscountytx.gov,https://www.co.stephens.tx.us/page/stephens.Elections,county_pdfs,www.co.stephens.tx.us,https://newtools.cira.state.tx.us/upload/page/2592/UNOFFICIAL%20RESULTS%2003032026.pdf,,,n,,,"Seed URL works over https; results are on page/stephens.Elections, with several files served from newtools.cira.state.tx.us. No Clarity site (elections.json 404). Server Last-Modified values differ by file and follow PDF creation times, so upload times are usable. 2026 files are scanned Electionware summary reports (county totals); no precinct reports are posted for 2026. The 2024 precinct report is image-only and was not read page by page; its title and dates show it came weeks after the election. Check 3 pending for confirming nothing was posted on election night (wayback-data branch not found on origin). Rule 43 applied 2026-10-02 (normalize-2): 2024_general LATER to UNDETERMINED. Rule 43 applied 2026-10-02 (normalize-4): 2026_primary LATER kept, county_totals_first_seen 2026-03-03 20:58 CT; 2026_runoff LATER kept, county_totals_first_seen 2026-05-26 20:02 CT. Contact from TX SOS county election officials list (page sha256 065e1ebd63c5)."
Sterling,UNKNOWN,low,(325) 378-5191,Jerri.mccutchen@co.sterling.tx.us,https://www.co.sterling.tx.us/page/Elections%202026,unknown,www.co.sterling.tx.us,,,,n,,,"Seed URL works over https; its menu lists 'Elections 2026' and 'Elections 2019-2025' (ezTask Titanium site). Both URLs returned HTTP 200 with the homepage body (burn ban notice, tax abatement and community center links) and no election documents, the same behavior seen on Sherman County's site, so check 2 could not be done. No Clarity site (elections.json 404). Check 3 pending (wayback-data branch not found on origin). Contact from TX SOS county election officials list (page sha256 065e1ebd63c5)."
Stonewall,COUNTY_ONLY_PRECINCT_AT_CANVASS,med,(940) 989-2272,stonewall.elections@co.stonewall.tx.us,https://www.stonewallcounty.org/page/stonewall.Elections,county_pdfs,www.stonewallcounty.org,https://www.stonewallcounty.org/upload/page/9667/2026/skm_c300i26030411110.pdf,,,n,,,"The seed URL https://www.stonewallcounty.org/page/stonewall.Elections works (the page was already in the shared cache). No Clarity site (elections.json 404). Results are scanned or SOS PDFs; server Last-Modified values differ by file, so upload times are usable. Scan file names (skm_c300iYYMMDDHHMM) give the scan date. No runoff results are posted. Check 3 pending for the runoff (wayback-data branch not found on origin). Rule 43 applied 2026-10-02 (normalize-4): 2024_general LATER kept, county_totals_first_seen 2024-11-05 20:05 CT; 2026_primary LATER kept, county_totals_first_seen 2026-03-03 21:28 CT. Contact from TX SOS county election officials list (page sha256 065e1ebd63c5)."
Sutton,COUNTY_ONLY_PRECINCT_AT_CANVASS,med,(325) 387-3815,county.district_clerk@co.sutton.tx.us,https://www.co.sutton.tx.us/page/sutton.Elections,county_pdfs,www.co.sutton.tx.us,https://www.co.sutton.tx.us/upload/page/7326/2026/Unofficial Results REP.pdf,,,n,,,"Seed URL works over https; all results are on page/sutton.Elections. No Clarity site (elections.json 404). Server Last-Modified values differ by file and match scan times, so upload times are usable. Each target election has one election-night unofficial county-total summary (posted quickly after the first count; Sutton has 4 precincts) and later official results; no unofficial precinct reports. The runoff PDF CreationDate (01:11 UTC) is later than its Last-Modified (00:15 UTC), so the scanner clock is not reliable; printed footers and Last-Modified agree on election night. Official result files were not opened (post-canvass by title). Contact from TX SOS county election officials list (page sha256 065e1ebd63c5)."
Swisher,NO_SITE_OR_SOS_ONLY,low,(806) 995-2363,m.montgomery@swisher-tx.org,https://www.co.swisher.tx.us/page/swisher.Elections,county_pdfs,www.co.swisher.tx.us,https://www.co.swisher.tx.us/page/swisher.Elections,,,n,,,"Seed URL works over https (already in the shared cache); results are listed on page/swisher.Elections. No Clarity site (elections.json 404). The results list gives one link per election: county PDFs of official results for 2024-2026 elections except the November 5, 2024 general, whose link goes to the SOS results site, so the 2024 general is NONE by check 2 (the current page is the evidence; an earlier county posting later replaced by the SOS link cannot be ruled out without check 3). For the 2026 primary and runoff only post-canvass official files exist. Check 3 pending for the 2026 elections (wayback-data branch not found on origin). Rule 43 applied 2026-10-02 (normalize-2): 2024_general NONE kept. 2024_general NONE kept: the county results list links that election only to results.texas-election.com. Contact from TX SOS county election officials list (page sha256 065e1ebd63c5)."
Tarrant,LIVE_PRECINCT,high,(817) 831-8683,caludwig@tarrantcountytx.gov,https://results.enr.clarityelections.com/TX/Tarrant/127297/,clarity_style,results.enr.clarityelections.com,https://results.enr.clarityelections.com/TX/Tarrant/122489/351910/reports/detailxml.zip,,2024-11-05 19:04 CT,n,,,"Tarrant elections page links 'Election Results' to Clarity EID 127297 (Nov 2026). Tarrant's Clarity elections.json lists only a May 2025 election, so phase1.clarity_timeline reported all three 'not listed'; the same check 1 functions were run from scratch on the EIDs linked from the county's own past-election pages: 122489 (Nov 2024), 125924 (Mar 2026 primary, both parties), 126079 (May 2026 runoff). Some versions return 404 (8 of 26; 16 of 32; 3 of 19), none of them the deciding night updates. Election-day precinct votes (VoteType 'Election') checked per update. Runoff: every night detail.xml (8:54 PM to 11:34 PM CDT) has candidate values 'protected' (county totals included), while summary.json of the same version shows county totals (e.g. Cornyn 38382, Paxton 57707); the county posted hourly 'No Later Than ... Results Report' cumulative PDFs (county totals, run time 11:18 PM, Last-Modified Wed, 27 May 2026 04:29:30 GMT = 11:29 PM CDT); precinct numbers first appear in Clarity version 373430 (6/2/2026 1:31:21 PM CDT) and the 'Precinct Results Report / Official Results' PDF (run date 06/16/2026). The county server gives real per-file Last-Modified values. Check 3 pending (wayback-data branch not found on origin). Contact from TX SOS county election officials list (page sha256 065e1ebd63c5)."
Taylor,COUNTY_ONLY_PRECINCT_AT_CANVASS,low,(325) 674-1216,Daniel.murray@taylorcounty.texas.gov,https://www.taylorcounty.texas.gov/214/Current-Election,county_pdfs,www.taylorcounty.texas.gov,https://www.taylorcounty.texas.gov/DocumentCenter/View/5017,,,n,,,"No Clarity site (elections.json 404). The seed site https://www.taylorcounty.texas.gov/ and the results pages found by one web search (214/Current-Election, 549/Archived-Election-Results, CivicPlus) were refused by the fetch module as robots_disallowed_or_unreachable; the cached robots.txt check shows 'URLError: [Errno 104] Connection reset by peer'. Per the brief this was accepted and not worked around, so no county-posted reports could be read. Check 3 pending (wayback-data branch not found on origin). Targeted pass 3 2026-10-02 (targeted3-C): the county site now loads through the fetch module (earlier robots.txt resets are gone). 2026_primary changed UNDETERMINED to LATER (check 2). The Current Election page (CivicPlus) lists, for 'JOINT PRIMARY ELECTION March 3, 2026', every release: 'Early Voting Results' (DocumentCenter/View/5012 Dem, 5013 Rep), '1st Release Election Day Results' (5015, 5014), 'Final Unofficial Results' (5016, 5017), 'OFFICIAL Results' (5038, 5039) and 'OFFICIAL Precinct Report' (5042, 5043). The unofficial files are scanned printouts (Xerox AltaLink) of the county-level 'Republican Party - Cumulative Report' / 'Democratic Party - Cumulative Report' with printed Run Time 7:14 PM, 9:02 PM and 10:35 PM on 03/03/2026 (scan CreationDate 2026-03-04 01:25, 03:10 and 04:47 UTC, that is 7:25 PM, 9:10 PM and 10:47 PM CST); they carry no per-precinct numbers. The only precinct-level report is 'OFFICIAL Precinct Report', printed Run Date 03/11/2026 3:47 PM (PDF CreationDate 2026-03-11 20:48 UTC), after canvass. DocumentCenter sends no Last-Modified header, so there is no upload time; the printed run times decide under rule 43. Caveat: the page today could omit an election-night precinct file that was later removed, but it keeps every early and unofficial release, which supports the reading. 2024_general: no file for the Nov 5 2024 general is listed on the Current or Archived Election Results pages (archive skips from 'March 5, 2024' primaries to 2025; a web search for a 2024 general results document found only DocumentCenter/View/4451, which is the March 5, 2024 Republican primary official cumulative report). 2026_runoff: no May 26 2026 runoff results are listed on any Taylor elections page; one web search found none. Both stay UNDETERMINED. Wayback harvest for taylorcounty.texas.gov failed (robots_disallowed_or_unreachable); no targeted archive or sweep files for Taylor on the wayback-data branch (sweep pending). Platform set to county_pdfs (CivicPlus DocumentCenter PDFs). Contact from TX SOS county election officials list (page sha256 065e1ebd63c5)."
Terrell,UNKNOWN,low,(432) 345-2391,brivera@co.terrell.tx.us,https://www.co.terrell.tx.us/page/terrell.Elections,county_pdfs,www.co.terrell.tx.us,https://www.co.terrell.tx.us/upload/page/6296/REPUBLICAN MAY 26 2026 SUMMARY PRECINCT RETURNS.pdf,,,n,,,"Seed URL works over https; results are on page/terrell.Elections, some files on newtools.cira.state.tx.us. No Clarity site (elections.json 404). Server Last-Modified values differ by file. The 2024 general results link is dead (HTTP 404 on both hosts). The 2026 primary has only canvass-stage spreadsheets; the runoff precinct returns form is signed May 29 and was uploaded June 8. Check 3 pending for the 2024 general and 2026 primary (wayback-data branch not found on origin). Rule 43 applied 2026-10-02 (normalize-2): 2026_runoff LATER to UNDETERMINED. Contact from TX SOS county election officials list (page sha256 065e1ebd63c5)."
Terry,COUNTY_ONLY_PRECINCT_AT_CANVASS,low,(806) 300-8965,cfranco@terrycounty.org,https://www.co.terry.tx.us/page/elections.PREVIOUSELECTIONS,county_pdfs,www.co.terry.tx.us,https://www.co.terry.tx.us/upload/page/0145/RESULTS5262026.pdf,,,n,,,"Seed URL works over https (already in the shared cache); results are on page/elections.PREVIOUSELECTIONS ('2025-2026 Elections'). No Clarity site (elections.json 404). Server Last-Modified values differ by file. The runoff unofficial county summary was printed and scanned on election night but its current server copy dates from June 1; precinct numbers appear only in the official report printed June 2. The 2026 primary postings are county-total images for local races, uploaded March 27. No 2024 general results are on the site. Check 3 pending for the 2024 general (wayback-data branch not found on origin). Rule 43 applied 2026-10-02 (normalize-4): 2026_primary LATER to UNDETERMINED. Contact from TX SOS county election officials list (page sha256 065e1ebd63c5)."
Throckmorton,UNKNOWN,low,(940) 849-8825,pam.thompson@throckmortoncounty.org,https://www.throckmortoncounty.org/page/throckmorton.electionsposting,county_pdfs,www.throckmortoncounty.org,https://www.throckmortoncounty.org/upload/page/10021/52626OfficialResults.pdf,,,n,,,"Verifier disagreement: research tag COUNTY_ONLY_PRECINCT_AT_CANVASS, verifier tag UNKNOWN; set to UNKNOWN per rule. No seed website. The SOS email domain's site www.throckmortoncountytx.gov links to page/throckmorton.elections, which returns 404 there; the same page works on www.throckmortoncounty.org (Elections page and 'Previous Election Results' page throckmorton.electionsposting). No Clarity site (elections.json 404). Server Last-Modified values differ by file. All posted results are Hart cumulative county-total reports; no precinct reports for any target election. The 2024 and 2026 primary files are post-election runs, so election-night publication cannot be read for those two. Check 3 pending for the 2024 general and 2026 primary (wayback-data branch not found on origin). Rule 43 applied 2026-10-02 (normalize-4): 2026_runoff LATER kept, county_totals_first_seen 2026-05-26 19:00 CT. Contact from TX SOS county election officials list (page sha256 065e1ebd63c5)."
Titus,COUNTY_ONLY_PRECINCT_AT_CANVASS,med,(903) 575-0902,mwhorton@co.titus.tx.us,https://www.co.titus.tx.us/page/elections.Elections%202026,county_pdfs,www.co.titus.tx.us,https://www.co.titus.tx.us/upload/page/0097/Unofficial Final Results.pdf,,,n,,,"Seed URL works over https (already in the shared cache); results are on page/elections.home (2024) and page/elections.Elections 2026. No Clarity site (elections.json 404). Server Last-Modified values differ by file, so upload times are usable. Titus posts Hart cumulative county-total scans on election night (two postings for the 2026 primary: early voting at 8:51 PM and final at 10:27 PM CST) but no precinct-level results for any target election. The home page also links the SOS early-voting site. Run times were read from low-resolution renders where noted. Rule 43 applied 2026-10-02 (normalize-4): 2024_general LATER kept, county_totals_first_seen 2024-11-05 23:53 CT. Contact from TX SOS county election officials list (page sha256 065e1ebd63c5)."
Tom Green,UNKNOWN,low,(325) 659-6541,vona.hudson@co.tom-green.tx.us,https://www.tomgreencountytx.gov/page/ele.ElectionsResults,county_pdfs,www.tomgreencountytx.gov,,,,n,,,"Seed URL www.co.tom-green.tx.us returned HTTP 403 over http and an SSL EOF error over https; one web search located the current domain tomgreencountytx.gov. No Clarity site (elections.json 404). The results page lists only canvass-time reports for the three elections: 'Official Cumulative Results', 'Official Precinct Results', reconciliation and hand count PDFs. Official precinct PDFs read: 2024 general Run Date 11/27/2024 10:29 AM (CreationDate 2024-11-27, no Last-Modified header on /page/open/ paths); 2026 primary Run Date 03/26/2026 8:38 AM, Last-Modified Wed, 01 Apr 2026 13:17:02 GMT; 2026 runoff Run Date 06/08/2026 2:09 PM, Last-Modified Mon, 08 Jun 2026 21:08:17 GMT. Any election-night unofficial reports are no longer on the page, so check 2 cannot show what was posted on election night. Check 3 pending (origin/wayback-data branch not found). Targeted pass 3 2026-10-02 (targeted3-A): no election changed. A web search found '052626PROUnofficialCumulativeResults.pdf' (not linked on the results page): 'Cumulative Results Report Tom Green County Unofficial Results 052626 Primary Runoff Election ... Precincts Reporting 0 of 24 ... Run Time 3:41 PM Run Date 06/02/2026', CreationDate 2026-06-02, Last-Modified Wed, 03 Jun 2026 15:00:41 GMT: a post-election county-totals file, not election night. votetomgreencounty.gov points to the same results page. Check 4: San Angelo LIVE 'Here's How the March 3 Primary Went in Tom Green County' (published 2026-03-04T12:07-0600) gives county totals only. Wayback main harvest targeted co.tom-green.tx.us only (no captures); no phase1/targeted/ folder for Tom Green; sweep pending. Contact from TX SOS county election officials list (page sha256 065e1ebd63c5)."
Travis,LIVE_PRECINCT,high,(512) 854-4996,elections@traviscountytx.gov,https://results.enr.clarityelections.com/TX/Travis/,clarity_style,results.enr.clarityelections.com,https://results.enr.clarityelections.com/TX/Travis/122432/352313/reports/detailxml.zip,,2024-11-05 19:19 CT,n,,,"Check 1 (clarity_timeline) read every Clarity update. 2024 general: precinct numbers in all 7 election-night updates; the 7:19 PM and 7:26 PM updates are early vote and mail only, election-day precinct votes first at 9:51 PM CST and grow through 2:25 AM. 2026 primary: 9:01 PM update has early-vote precinct numbers, election-day precinct votes in 10:19 PM, 11:19 PM and 12:21 AM updates. 2026 runoff: the precinct-level vote values in detailxml.zip and json/ALL.json read ""protected"" in every election-night version, while json/en/summary.json carried county totals from 7:51 PM CDT; precinct numbers first appear in the 5/27/2026 12:32 PM CDT version. Several versions returned HTTP 404 (8 in 2024, 14 in 2026 primary, 5 in runoff); the runoff 404 version 373135 is numbered immediately before 373136 (5/27 12:32 PM), and the last readable night version 373064 (12:04 AM) had protected precinct values, so no night version with precinct numbers was seen. Wayback branch origin/wayback-data was not present when checked (check 3 not needed). County results page votetravis.gov links to Clarity for election night results. Contact from TX SOS county election officials list (page sha256 065e1ebd63c5)."
Trinity,UNKNOWN,low,(936) 642-3959,priscilla.rasbeary@co.trinity.tx.us,https://www.co.trinity.tx.us/page/trinity.Elections2,county_pdfs,www.co.trinity.tx.us,,,,n,,,"Seed URL over http returned HTTP 403; https works. No Clarity site (elections.json 404). The Elections Administrator page lists, for the May 26, 2026 runoff only, 'Post Election Hand-Count Audit' (scanned PDF, Last-Modified Wed, 24 Jun 2026 18:44:21 GMT) and 'May 26, 2026 Democratic and Republican RunOff Canvass Report' (.xls, Republican file Last-Modified Wed, 24 Jun 2026 14:12:49 GMT). The 'Archived Election Results' page lists only 2016, 2018 and March 2022 canvass files. No 2024 general or 2026 primary results are posted now, and no election-night report remains for any target election, so check 2 cannot decide what was posted on election night. Check 3 pending (origin/wayback-data branch not found). Contact from TX SOS county election officials list (page sha256 065e1ebd63c5)."
Tyler,UNKNOWN,low,(409) 283-2281,jbrown.cc@co.tyler.tx.us,https://www.co.tyler.tx.us/page/tyler.ElectionInformation,county_pdfs,www.co.tyler.tx.us,,,,n,,,"Verifier disagreement: research tag UNKNOWN, verifier tag COUNTY_ONLY_PRECINCT_AT_CANVASS; set to UNKNOWN per rule. No Clarity site (elections.json 404). The County Clerk's Election Information page has an 'UNOFFICIAL RESULTS' link for the March 3, 2026 primaries to /upload/page/3316/RESULTS/2026 UNOFFICIAL RESULTS.pdf, a 22-page scanned image PDF with no text layer and no creation metadata; its Last-Modified is Wed, 04 Mar 2026 18:40:46 GMT (12:40 PM CST on Mar 4), after election night; its contents (precinct or county totals) could not be read without OCR. The 2026 runoff section lists notices only and no county results file. The 2024 general section lists 'Unofficial Election Precinct Summary' (link points to a Nov 7 2023 file), 'Official Election Summary Results' and 'Official Election Precinct Summary Results' (Election Precicnt Summary.pdf returned HTTP 404). An 'OFFICIAL RESULTS' link points to the SOS site goelect.txelections.civixapps.com. Check 3 pending (origin/wayback-data branch not found). Contact from TX SOS county election officials list (page sha256 065e1ebd63c5)."
Upshur,COUNTY_ONLY_PRECINCT_AT_CANVASS,low,(903) 680-8506,lory.harle@countyofupshur.com,https://www.countyofupshur.com/page/elections,county_pdfs,www.countyofupshur.com,https://www.countyofupshur.com/page/open/1413/0/May%2026%202026%20Republican%20Primary%20Runoff%20Unofficial.pdf,,,n,,,"No Clarity site (elections.json 404). The Elections page posts PDFs. 2026 runoff: only 'May 26 2026 Republican Primary Runoff Unofficial.pdf' and 'May 26 2026 Democratic Primary Runoff Unofficial.pdf' are posted; the Republican one is a 1-page 'Republican Party Cumulative ... Unofficial Results' report, 'Run Time 8:23 PM' 'Run Date 05/26/2026', 'Precincts Reporting 19 of 19', CreationDate 2026-05-27 01:26 UTC (8:26 PM CDT), with county totals by Absentee, Early and Election Day voting and no precinct breakdown; no runoff precinct report is posted. The /page/open/ file server sends no Last-Modified header, so there is no upload time. 2026 primary: only 'Cumulative Official' reports (Run Date 03/11/2026) remain; election-night files are gone. 2024 general: 'November 5 2024 Cumulative Official' and 'November 5 2024 Precinct Report' (Official Results, Run Date 11/22/2024). Check 3 pending (origin/wayback-data branch not found). Contact from TX SOS county election officials list (page sha256 065e1ebd63c5)."
Upton,COUNTY_ONLY_PRECINCT_AT_CANVASS,med,(432) 693-2014,habalos@co.upton.tx.us,https://www.co.upton.tx.us/page/upton.elections,county_pdfs,www.co.upton.tx.us,https://www.co.upton.tx.us/upload/page/6648/March%203rd%20Joint%20Primary.pdf,,,n,,,"Seed URL over http returned HTTP 403; https works. No Clarity site (elections.json 404). The Elections page posts one 'Unofficial Election Results' PDF per election and no precinct report or canvass report for any of the three elections. Each file is an Electionware summary ('TOTAL Absentee Early Voting Election Day' columns, county totals only; the only 'Pct' strings are contest names such as 'County Commissioner Pct 1'). Upload times (Last-Modified): 2024 general Wed, 06 Nov 2024 02:19:31 GMT (8:19 PM CST Nov 5; no PDF metadata); 2026 primary Wed, 04 Mar 2026 02:37:44 GMT (8:37 PM CST, CreationDate 02:32:13 UTC = 8:32 PM CST); 2026 runoff Wed, 27 May 2026 00:57:11 GMT (7:57 PM CDT, CreationDate 00:03:04 UTC = 7:03 PM CDT, ModDate 7:56 PM CDT). Precinct-level numbers are not published on the page for any of the three elections. Check 3 not needed for the determined elections; wayback-data branch not found. Contact from TX SOS county election officials list (page sha256 065e1ebd63c5)."
Uvalde,UNKNOWN,low,(830) 591-2724 ext. 575,elections@uvaldecounty.com,https://www.uvaldecounty.gov/elections,unknown,www.uvaldecounty.gov,,,,n,,,"Seed URL www.uvaldecounty.com is a Wix site whose Elections link goes to www.uvaldecounty.gov/elections. No Clarity site (elections.json 404). The Elections page (Wix) shows only the Elections Office contact block and links to flood resources and a burn-ban order PDF (Last-Modified 17 Sep 2026); it lists no results files for any election. One web search found no other county results page (only Ballotpedia, KSAT and the same Elections page). Because the page holds no past results, check 2 cannot tell whether results were posted on election night and later removed, so NONE is not asserted. Check 3 pending (origin/wayback-data branch not found). Contact from TX SOS county election officials list (page sha256 065e1ebd63c5)."
Val Verde,UNKNOWN,low,(830) 774-7564,elections@valverdecounty.texas.gov,https://valverdecounty.texas.gov/528/_2026,county_pdfs,valverdecounty.texas.gov,,,,n,,,"Seed URL www.valverdecounty.org returned HTTP 403 (http and https); www.valverdecounty.texas.gov was refused by the fetch module (robots_disallowed_or_unreachable); one web search located valverdecounty.texas.gov (no www), which works. No Clarity site (elections.json 404). Election pages /528/_2026 and /519/_2024 (CivicPlus DocumentCenter) list per election an unofficial results file, then 'Official Results' summary and 'Official Results Precinct-by-Precinct'. The unofficial files are scanned PDFs with no text layer and CreationDate the day after the election: 2024 general Wed Nov 6 2024 21:42 UTC (3:42 PM CST Nov 6); 2026 primary Wed Mar 4 2026 15:18 UTC (9:18 AM CST); 2026 runoff Wed May 27 2026 14:42 UTC (9:42 AM CDT). DocumentCenter sends no Last-Modified header. So the posted unofficial files were made after election night, but whether anything else was posted on election night (and later removed) cannot be told from the current pages. Check 3 pending (origin/wayback-data branch not found). Contact from TX SOS county election officials list (page sha256 065e1ebd63c5)."
Van Zandt,COUNTY_ONLY_PRECINCT_AT_CANVASS,low,(903) 567-3895,smaddox@vanzandtcounty.org,https://www.vanzandtcounty.org/page/vanzandt.Elections,county_pdfs,www.vanzandtcounty.org,https://www.vanzandtcounty.org/upload/page/2685/2026/Primary%2003032026/unofficial%20final%20Cumulative%20Results-3-3-2026%2011-23-52%20PM.pdf,,,n,,,"No Clarity site (elections.json 404). The fetch module refused www.vanzandtcounty.org and vanzandtcounty.org over http and https with 'robots_disallowed_or_unreachable' (the host reset connections), so no county page or report could be read. One web search located the Election Notices page and PDF names under /upload/page/2685/ (for example a file named 'unofficial final Cumulative Results-3-3-2026 11-23-52 PM.pdf'); search text is not evidence and these files could not be fetched. Check 3 pending (origin/wayback-data branch not found). Targeted pass 3 2026-10-02 (targeted3-B): www.vanzandtcounty.org is now reachable through the fetch module. The 2026 primary is now LATER by check 2: the file found by the earlier search, 'unofficial final Cumulative Results-3-3-2026 11-23-52 PM.pdf', is a county-totals Cumulative report printed 11:23 PM and uploaded 11:32 PM CST on election night, and no primary precinct report is posted anywhere on the Elections page. The 2026 runoff (precinct-by-precinct 'Final Results' uploaded Jun 4 2026) and 2024 general (official cumulative uploaded Nov 15 2024) stay UNDETERMINED because no election-night county-totals file survives. Two searches for runoff/general election-night files found none. Wayback CDX for vanzandtcounty.org was refused (robots) in the harvest; no targeted archive data; sweep pending. Contact from TX SOS county election officials list (page sha256 065e1ebd63c5)."
Victoria,LIVE_PRECINCT,high,(361) 576-0124,elections@vctx.org,https://www.victoriacountytx.gov/228/Election-Results,clarity_style,results.enr.clarityelections.com,https://results.enr.clarityelections.com/TX/Victoria/122848/351371/reports/detailxml.zip,,2024-11-05 19:53 CT,n,,,"Seed URL www.vctxelections.org redirects to www.victoriacountytx.gov (Elections pages). Clarity elections.json does not list 2024 or 2026 elections, so EIDs were taken from the county's own links: Election Results page links 'Election Night Reporting - Unofficial Results 8:51 pm' to results.enr.clarityelections.com/TX/Victoria/126376/ (May 26, 2026 runoff) and 'Election Night Reporting' to /126049/ (March 3, 2026 primary); the Elections Historical Archive links 'November 5, 2024 Joint General Election: Election Returns' to /122848/. Check 1 read every readable update for each (some versions returned HTTP 404). Nonzero precinct vote cells rise across election-night updates, showing election-day votes added during the night. Check 3 not needed. Contact from TX SOS county election officials list (page sha256 065e1ebd63c5)."
Walker,UNKNOWN,low,(936) 436-4959,walkervr@co.walker.tx.us,https://www.co.walker.tx.us/department/division.php?structureid=140,county_pdfs,www.co.walker.tx.us,,,,n,,,"No Clarity site (elections.json 404). The Current Elections page still links 'May 26, 2026 Democratic & Republican Primary Runoff Election Unofficial Results' (document center id 10174), but that document now returns HTTP 404. The Past Elections page lists for the runoff 'Final Official Results' and 'May 26, 2026 REP Precinct 1 Results' etc.; the REP Precinct 1 file is a 'Precinct by Precinct CAS Summary FINAL OFFICIAL RESULTS', CreationDate 2026-06-18 18:47 UTC, Last-Modified Thu, 18 Jun 2026 18:51:33 GMT (canvass time). For the 2024 general it lists 'Official Results - November 5, 2024', 'Official Results - November 5, 2024 PCT 1' to 'PCT 4' and 'November 5, 2024 Election Night Reconciliation'; for the 2026 primary only 'Preliminary Election Night Reconciliation - March 3, 2026' and '3/3/2026 Official Totals Reconciliation'. No election-night results report remains readable for any target election, so check 2 cannot decide. Check 3 pending (origin/wayback-data branch not found). Targeted pass 3 2026-10-02 (targeted3-A): no election changed. The eGov document center browse lists (center.egov?view=browse&eGov_searchDepartment=140 and 141) show posting dates: 'May 26, 2026 Election Night Reconciliation Form' dated 05/26/2026 (item 10175), while the runoff 'Unofficial Results' item 10174 is no longer listed (and returns HTTP 404); runoff precinct and official results are dated 06/18/2026. So no election-night results file survives to read. Check 4: one web search for Huntsville Item precinct results found no Walker County results page. Wayback main harvest targeted co.walker.tx.us only (no captures); no phase1/targeted/ folder for Walker; sweep pending. Contact from TX SOS county election officials list (page sha256 065e1ebd63c5)."
Waller,UNKNOWN,low,(979) 826-7643,vote@wallercounty.us,https://www.co.waller.tx.us/page/2026%20County%20and%20Entity%20Elections,county_pdfs,www.co.waller.tx.us,,,,n,,,"No Clarity site (elections.json 404). The 2026 County and Entity Elections page lists for the March 3 primary only 'OFFICIAL FINAL - JOINT PRIMARY ELECTION' (file 'OFFICIAL FINAL BOTH Cumulative Results-3-11-2026 01-26-24 PM.pdf') and Democrat/Republican official finals, and for the May 26 runoff only 'Official Dem/Rep Primary Runoff Cumulative Results-6-2-2026'; no election-night report remains. The 2024 page lists, for the November 5 general, 'Unofficial Final - Includes Limited Ballots', a 'Cumulative Results Report ... Unofficial Results' with 'Run Time 10:07PM Run Date 11/05/2024' printed but CreationDate 2024-11-09 21:59 UTC and Last-Modified Sun, 10 Nov 2024 16:31:23 GMT (uploaded after election night), county totals only, plus an official cumulative report. No precinct-level report is listed for any of the three elections, but the election-night postings themselves are gone, so check 2 cannot decide. Check 3 pending (origin/wayback-data branch not found). Targeted pass 3 2026-10-02 (targeted3-D): no election changed. Re-listed every result file on the 2024 and 2026 County and Entity Elections pages (cached): no election-night report for any target election remains; the only unlabeled file, /upload/page/0286/BOTH FINAL.pdf (Last-Modified Mon, 18 May 2026 04:55:19 GMT), is the runoff early voting and election day locations notice. Check 3: harvest has one 2024 capture (Elections.Maps page, replay timed out) and the 2026 primary CDX query failed (TLS timeout). archive.org/wayback/available shows captures of the 2026 page at 20260316182826 and 20260515165212 (after the primary, before the runoff) and none near Nov 5-6 2024; web.archive.org replay is unreachable from this environment (robots_disallowed_or_unreachable), so the March 16 copy, which may list primary night file names, could not be read: lead for the sweep. Sweep pending. Contact from TX SOS county election officials list (page sha256 065e1ebd63c5)."
Ward,COUNTY_ONLY_PRECINCT_AT_CANVASS,low,(432) 943-3294,denise.valles@wardcountytx.org,https://www.co.ward.tx.us/page/ward.Elections.Results,county_pdfs,www.co.ward.tx.us,https://newtools.cira.state.tx.us/upload/page/7228/2026%20RUN%20OFF%20RESULTS.pdf,,,n,,,"Seed http URL works over https. No Clarity site (elections.json 404). The Election Results page links files on www.co.ward.tx.us and newtools.cira.state.tx.us (the county site's file host). 2026 runoff: '2026 RUN-OFF RESULTS' is a 3-page scanned PDF (no text layer; read by viewing the rendered pages) headed 'Cumulative Results Report ... WARD COUNTY, TEXAS PRIMARY RUNOFF ELECTION 5/26/2026 ... Unofficial Results', with county totals by Absentee, Early, Election Day and Provisional voting and no precinct rows; CreationDate 2026-05-27 01:19:02 UTC (8:19 PM CDT) and Last-Modified Wed, 27 May 2026 01:23:23 GMT (8:23 PM CDT). Party 'CANVASS MAY 26, 2026' files are posted separately (after the night). 2024 general: '2024 General Election Cumulative Totals Report' is a scan with CreationDate 2024-11-07 14:26 UTC and Last-Modified Thu, 07 Nov 2024 14:39:28 GMT (after election night); 2026 primary: only a notice of canvass, early voter check-ins and hand count certificates are listed, no results file. Check 3 pending for 2024 general and 2026 primary (origin/wayback-data branch not found). Contact from TX SOS county election officials list (page sha256 065e1ebd63c5)."
Washington,UNKNOWN,low,(979) 277-6264,jennifer.gajeske@washingtoncountytx.gov,https://www.co.washington.tx.us/page/washington.elections.information,county_pdfs,www.co.washington.tx.us,,,,n,,,"Seed default.aspx URL loads the county home page; election pages are /page/washington.elections.information and /page/washington.Past Elections. No Clarity site (elections.json 404). 2026 runoff: 'Precinct Summary Election Day.pdf' is a 16-page Electionware 'Summary Results Report UNOFFICIAL RESULTS ELECTION DAY' broken out by precinct (Precinct 101 etc., with Election Day column), CreationDate 2026-05-27 02:38:41 UTC (9:38 PM CDT May 26, election night) but Last-Modified Wed, 27 May 2026 16:17:03 GMT (11:17 AM CDT May 27, after election night). 'Republican Runoff Preliminary Results' is a scan created 2026-05-27 17:23 UTC; 'Precinct by Precinct Final Report' created 2026-06-02. The printed time and the server time disagree about whether precinct numbers were online on election night, so the runoff is left UNDETERMINED for check 3. 2026 primary: 'Republican Preliminary Results Report' is a 13-page scan, Last-Modified Wed, 04 Mar 2026 18:50:56 GMT; 'Precinct-by-precinct Report' (UNOFFICIAL RESULTS, 380 pages) CreationDate 2026-03-06 14:24 UTC, Last-Modified Fri, 06 Mar 2026 15:22:50 GMT; nothing shows an election-night upload. 2024 general: Past Elections lists only 'Certificate of Canvass' and 'Final Canvass' for November 5, 2024. The page also links the SOS site results.texas-election.com as 'TEXAS ELECTION RESULTS - OFFICIAL'. Check 3 pending (origin/wayback-data branch not found). Contact from TX SOS county election officials list (page sha256 065e1ebd63c5)."
Webb,COUNTY_ONLY_PRECINCT_AT_CANVASS,low,(956)-523-4050,jlcastillo@webbcountytx.gov,https://www.webbcountytx.gov/291/Elections,county_pdfs,www.webbcountytx.gov,https://www.webbcountytx.gov/DocumentCenter/View/2697/Combined-PDF,,,n,,,"Seed URL /ElectionsAdministration/ returned HTTP 404; the Elections page is /291/Elections. No Clarity site (elections.json 404). CivicPlus DocumentCenter returns Last-Modified equal to the request time (Fri, 02 Oct 2026 15:29-15:30 GMT), so it gives no upload evidence. 2026 primary: 'Unofficial Results 2026' page lists '6th Day After', 'Combined' and 'Early Voting' PDFs; 'Combined' is a 15-page scan of an Electionware 'Election Summary Results Report 2026 Primary Election March 3, 2026 UNOFFICIAL RESULTS Webb County, Texas' (county totals; 'Election Day Precincts Reporting 78 of 78'; footer 'Election Summary - 03/03/2026 9:51 PM'; scan CreationDate 2026-03-04 03:56:42 UTC = 9:56 PM CST), read by viewing the rendered first page. The separate 'Precinct By Precinct Results' page lists Combined, Early Voting and Election Day PDFs; Combined is a 'PCT by PCT UNOFFICIAL RESULTS 2026 Primary Election March 10, 2026' report, CreationDate 2026-03-10 15:26 UTC, so precinct numbers came a week after election night. 2026 runoff: no runoff results file is listed on any Elections page. 2024 general: Archived Election Results has a single '11-05-24 Joint General Elections (PDF)', a scan created 2025-06-10. Check 3 pending for the 2024 general and 2026 runoff (origin/wayback-data branch not found). Contact from TX SOS county election officials list (page sha256 065e1ebd63c5)."
Wharton,UNKNOWN,low,(979) 532-0193,Marsha.barbee@co.wharton.tx.us,https://www.co.wharton.tx.us/page/wharton.ElectionsResults,county_pdfs,www.co.wharton.tx.us,,,,n,,,"No Clarity site (elections.json 404). The Elections Results page currently lists only the May 26, 2026 runoff ('Official Election Totals', a 2-page EPSON scan with Last-Modified Mon, 15 Jun 2026 16:53:05 GMT, plus hand count audit certifications and daily check-in lists) and the May 2, 2026 city and school election. No 2024 general or 2026 primary results are listed and no election-night report remains for the runoff, so check 2 cannot decide. Check 3 pending (origin/wayback-data branch not found). Contact from TX SOS county election officials list (page sha256 065e1ebd63c5)."
Wheeler,UNKNOWN,low,(806) 826-5544,margaret.dorman@co.wheeler.tx.us,https://www.wheelercounty.texas.gov/page/Elections.2026,county_pdfs,www.wheelercounty.texas.gov,,,,n,,,"Seed domain www.co.wheeler.tx.us serves the home page for the election page paths; the current domain wheelercounty.texas.gov (named in the site's translate link) has the election pages. No Clarity site (elections.json 404). 2026 primary: 'Republican Unofficial Election Results' is a scanned 'Texas Secretary of State Election Unofficial Results Report 2026 REPUBLICAN PRIMARY ELECTION ... WHEELER County' with county totals only, CreationDate 2026-03-04 17:23 UTC and Last-Modified Thu, 05 Mar 2026 13:32:05 GMT (after election night). 2026 runoff: only 'Election Reconciliation-Official Totals' and hand count audits listed. 2024 general: 'Official Results' and a 'Preliminary Election Reconciliation-UNOFFICIAL TOTALS' listed; no unofficial results report. No precinct-level report is listed for any of the three elections, but whether anything was posted on election night cannot be told, so all three are left for check 3. Check 3 pending (origin/wayback-data branch not found). Contact from TX SOS county election officials list (page sha256 065e1ebd63c5)."
Wichita,UNKNOWN,low,940-766-8174,Robin.fincannon@co.wichita.tx.us,https://wichitacountytx.com/election_info/election-results-archive/,unknown,wichitacountytx.com,,,,n,,,"No Clarity site (elections.json 404). The county site returns HTTP 403 to every fetch (seed https://wichitacountytx.com/elections/, the www variant, and the Election Results Archive page located by one web search), so it is treated as bot protection and not worked around. No vendor results site was found. Check 2 failed for this county. Check 3 pending (origin/wayback-data branch not found). Targeted pass 3 2026-10-02 (targeted3-D): no election changed. Check 3: wayback-data harvest has zero election-night captures of wichitacountytx.com for all three elections. Check 4: KAUZ (newschannel6now.com, published 2026-03-04 00:47 UTC) and KSWO (2026-03-04 05:20 UTC) primary stories list Wichita County race totals only (e.g. 'Wichita County Sheriff ... William Norris III 1799 William Rutledge 6218'), no precinct numbers and no county file links. County site still HTTP 403; not worked around. Sweep pending. Contact from TX SOS county election officials list (page sha256 065e1ebd63c5)."
Wilbarger,COUNTY_ONLY_PRECINCT_AT_CANVASS,med,(940) 552-5486,jkennon@co.wilbarger.tx.us,https://www.co.wilbarger.tx.us/page/Elections.2026,county_pdfs,www.co.wilbarger.tx.us,https://www.co.wilbarger.tx.us/upload/page/0113/2026/Primary%20Party%20Election%20%E2%80%93%20Unofficial%20Results.pdf,,,n,,,"Seed URL (http, default.aspx) returned HTTP 403; https version and /page/wilbarger.Elections load. No Clarity site (elections.json 404). Results are posted as scanned PDFs on the county's Elections 2026 and Elections Past pages. Every results report found (unofficial and official, all three elections) is a 'Cumulative Results Report' with county totals split by Absentee, Early and Election Day voting; no precinct-by-precinct report is listed for any of the three elections. Printed run times are on election night (2024: 8:39 PM 11/05/2024; 2026 primary: 8:56 PM 03/03/2026; 2026 runoff: 7:29 PM 05/26/2026), but the server Last-Modified times are after election night: 2024 unofficial Thu, 07 Nov 2024 16:49:02 GMT; 2026 primary unofficial Wed, 04 Mar 2026 13:41:55 GMT (7:41 AM CST next morning); 2026 runoff unofficial Tue, 02 Jun 2026 22:42:11 GMT (PDF ModDate 27 May 2026 13:54 UTC; a second copy at /upload/page/0113/2026/ has Last-Modified 16 Jun 2026). The server returns distinct Last-Modified values per file, so upload times are meaningful, but a file replaced later would hide an earlier upload. The elections page also links the SOS results site (results.texas-election.com). Check 3 pending (origin/wayback-data not present), so whether anything was posted on election night itself is not shown. En dashes in quoted document titles were replaced with hyphens. Rule 43 applied 2026-10-02 (normalize-4): 2024_general LATER kept, county_totals_first_seen 2024-11-05 20:39 CT; 2026_primary LATER kept, county_totals_first_seen 2026-03-03 20:56 CT; 2026_runoff LATER kept, county_totals_first_seen 2026-05-26 19:29 CT. Contact from TX SOS county election officials list (page sha256 065e1ebd63c5)."
Willacy,COUNTY_ONLY_PRECINCT_AT_CANVASS,med,(956) 689-2387,elections.administrator@co.willacy.tx.us,https://www.co.willacy.tx.us/page/willacy.Elections,county_pdfs,www.co.willacy.tx.us,https://www.co.willacy.tx.us/upload/page/6531/docs/Elections%20folder/2026/Primaries/Unofficial%2003%2003%202026%20Results%20.pdf,,,n,,,"No Clarity site (elections.json 404). The Elections page posts election-night PDFs (Hart-style 'Cumulative Results Report' and 'Precinct Results Report'). 2026 primary: 'Unofficial Primary Results March 03, 2026' is a Cumulative Results Report (county totals), 'Run Time 9:08 PM Run Date 03/03/2026', CreationDate 2026-03-04 03:09:07 UTC, Last-Modified Wed, 04 Mar 2026 03:46:04 GMT (9:46 PM CST). 'Unofficial Primary Results March 03, 2026 by Precinct' is a Precinct Results Report with 'Run Time 7:04 PM Run Date 03/03/2026' in which every one of the 1329 'Cast Votes' rows has 0 in the Election Day Voting column (early and absentee only); its file was modified and uploaded on 2026-03-31 (ModDate and Last-Modified Tue, 31 Mar 2026 04:35 GMT). No precinct report with election-day votes is posted. 2026 runoff: 'Unofficial Early Voting' cumulative (Run Time 6:01 PM, Last-Modified 2026-05-27 00:39:50 GMT = 7:39 PM CDT) and 'Unofficial Election Day' cumulative (Run Time 8:00 PM, CreationDate 2026-05-27 01:01:52 UTC, Last-Modified Wed, 27 May 2026 01:21:43 GMT = 8:21 PM CDT), both county totals; no runoff precinct report posted. 2024 general: not listed on the current page. Check 3 pending for 2024 general (origin/wayback-data branch not found). Contact from TX SOS county election officials list (page sha256 065e1ebd63c5)."
Williamson,LIVE_PRECINCT,low,(512) 943-1630,Bridgette.Escobedo@wilco.org,https://www.wilcotx.gov/292/Results-Archive,vendor_hosted,www.livevoterturnout.com,https://web.archive.org/web/20260304022512id_/https://www.livevoterturnout.com/ENR/williamsontxenr/11/en/Index_11.html,20260304022512,,n,,,"Seed www.wilco.org/Departments/Elections redirects to www.wilcotx.gov/elections. The Results Archive page links the county's election night results site on livevoterturnout.com: November 5, 2024 Joint General and Special Elections -> /ENR/williamsontxenr/3/, March 3, 2026 Primary -> /11/, May 26, 2026 Primary Runoff -> /14/. The runoff site (read) is a static 'Unofficial Election Results' page with per-precinct tabs ('Precinct: 116 116 Reporting') and a single 'Website Updated: 6/2/2026 11:19:37 AM' stamp; it exposes no dated update history, so it cannot show when precinct numbers first appeared. The check 1 script found 2024 general and 2026 primary not listed on Clarity; Clarity lists one Williamson election '2026 May Primary Runoff' (EID 127277) whose four readable updates are dated 8/27/2026 and 9/30/2026 (177 precincts with votes), none on election night, and the county site does not link it, so it says nothing about election night. Other Results Archive links are reconciliation forms and hand count audits. Check 3 pending (origin/wayback-data branch not found). Targeted pass 2026-10-02 (targeted-Williamson): no election changed. Tried: (1) vendor data behind the livevoterturnout pages: Index_3/11/14.html are single static ASP.NET-generated pages (form action NewResults.aspx?electid=N) with all per-precinct tables embedded (hdnPrecinctLevelResults=1, hdnAutoRefresh=600, page reload only); the shared script LiveResultsScripts_v4.1.js loads no per-precinct data feed (only optional report exports and a summary XML, and the pages offer no report downloads); the only version stamps are the final ones (script v=20241120031355 / 20260312042908 / 20260602111704; Website Updated 11/20/2024 3:15:26 PM, 3/12/2026 4:29:55 PM, 6/2/2026 11:19:37 AM; Last-Modified Wed 20 Nov 2024 21:15:28 GMT, Thu 12 Mar 2026 21:29:57 GMT, Tue 02 Jun 2026 16:19:37 GMT), all after election night, and the vendor keeps no older versions. (2) wayback-data branch: phase1/targeted/ (archives and wayback for Williamson) not yet published as of 19:55 UTC batch 3, checked three times; check 3 still pending for the livevoterturnout captures. (3) main harvest phase1/wayback_snapshots/Williamson targets wilco.org only and returned robots_disallowed_or_unreachable with no captures. (4) check 4: KUT 2024 general and 2026 primary results pages, Fox 7 live results 2024, Community Impact 2026 primary and runoff live-update articles, WilCo Sun 2024 sheriff article, KXAN voting-rules article, Statesman 2026 primary live results (AP) and delay article: all show county totals only, none shows per-precinct candidate votes. Leads only: Community Impact (updated Mar 4 7 a.m.) says the county tracker was last updated just after 4 a.m. with 168 of 178 Democratic and 15 of 178 Republican precincts reporting election day results, and quotes Elections Administrator Escobedo at the Jan 27 2026 Commissioners Court saying results might not be available until the next day; WilCo Sun 2024 says 99 percent of precincts reporting as of 10:20 p.m. Nov 5 2024. These are precinct-reporting counts, not per-precinct candidate numbers. Targeted pass 3 2026-10-02 (targeted3-A): 2026_primary changed UNDETERMINED -> LIVE (check 3, live precinct view rule). phase1/targeted/wayback/Williamson/index.json (harvested 2026-10-02T20:47Z) has one election-night capture, livevoterturnout.com/ENR/williamsontxenr/11/en/Index_11.html at 2026-03-03 20:25:12 CST: 'Website Updated: 3/3/2026 7:29:36 PM', hdnPrecinctLevelResults=1, auto-refresh 600 s, per-precinct candidate tables for 178 precincts embedded in the same page as the county totals, all values 0 (0 of 177 precincts reporting, turnout 0%). No captures in the 7 PM to 9 AM windows for the 2024 general or the 2026 runoff; archives_index.json has no archive.today mementos and the Memento aggregator was unreachable. A wider-window Wayback CDX query from this environment returned robots_disallowed_or_unreachable (web.archive.org not reachable here). Sweep pending (phase1/targeted/sweep/Williamson not on the branch). Contact from TX SOS county election officials list (page sha256 065e1ebd63c5)."
Wilson,COUNTY_ONLY_PRECINCT_AT_CANVASS,med,(830) 393-7380,omarrero@wilsoncountytx.gov,https://www.co.wilson.tx.us/page/wilson.Elections,county_pdfs,www.co.wilson.tx.us,https://www.co.wilson.tx.us/upload/page/2254/docs/Elections/11.05.24%20GENERAL/unofficial%20results.pdf,,,n,,,"Seed default.aspx URL loads the home page; election content is on /page/wilson.Elections. No Clarity site (elections.json 404). Per election the page lists 'Unofficial' results, 'Official' results and a 'PCT by PCT' report. 2024 general: 'Unofficial Results' is a 5-page Epson scan of an Electionware 'Summary Results Report ... UNOFFICIAL RESULTS ... Wilson County' (county totals with Absentee, Early Voting, Election Day columns; footer 'Election Summary - 11/05/2024 9:43 PM'), CreationDate 2024-11-06 03:53:27 UTC, Last-Modified Wed, 06 Nov 2024 03:55:47 GMT (9:55 PM CST); the 'PCT by PCT' report is 'OFFICIAL RESULTS' created 2024-11-13. 2026 runoff: 'Unofficial' (img20260526_21584470.pdf) is a 3-page scan of 'Summary Results Report 2026 Rep/Dem Primary Runoff May 26, 2026 UNOFFICIAL RESULTS MAIL, EV & ED' ('Election Day Precincts Reporting 13 of 13'; footer 'Election Summary - 05/26/2026 9:47 PM'), Last-Modified Wed, 27 May 2026 03:00:07 GMT (10:00 PM CDT; the scanner's CreationDate 03:58 UTC is one hour later than the upload, so the scanner clock is off); only an 'Official' summary follows and no runoff precinct report is listed. 2026 primary: the 'Unofficial Results' summary and 'Unofficial Pct by Pct Report' were both generated 2026-03-05 (CreationDate 14:52-14:53 UTC, Last-Modified Thu, 05 Mar 2026 14:56 GMT), so the election-night posting was replaced and cannot be read. Scanned pages were read by viewing the rendered first page. Check 3 pending for the 2026 primary (origin/wayback-data branch not found). Contact from TX SOS county election officials list (page sha256 065e1ebd63c5)."
Winkler,UNKNOWN,low,(432) 586-3401,pgreene@co.winkler.tx.us,https://www.co.winkler.tx.us/213/Elections,county_pdfs,www.co.winkler.tx.us,,,,n,,,"Seed home page has no elections link; one web search located /213/Elections. No Clarity site (elections.json 404). CivicPlus DocumentCenter returns Last-Modified equal to the request time (Fri, 02 Oct 2026 15:37 GMT), so it gives no upload evidence. 2024 general: 'Unofficial Results - General Election (PDF)' is a scan created 2024-11-06 18:15 UTC (next day); 'Official Election Results' also listed. 2026 primary: 'Unofficial Results March 3, 2026' is an 18-page scan of a 'Summary Results Report TX Winkler County Primary Election Day March 3 ... UNOFFICIAL RESULTS' (county totals) created 2026-03-05 15:50 UTC. 2026 runoff: 'Summary results 2026 runoff election' is a scan created 2026-06-01; the link 'Precinct Results 2026 Primary runoff election' opens a Republican runoff sample ballot, not results. Every posted unofficial file was made after election night, but whether anything else was posted on election night cannot be told. Check 3 pending (origin/wayback-data branch not found). Contact from TX SOS county election officials list (page sha256 065e1ebd63c5)."
Wise,COUNTY_ONLY_PRECINCT_AT_CANVASS,low,(940) 626-4453,elections@co.wise.tx.us,https://www.co.wise.tx.us/315/Elections,county_pdfs,www.co.wise.tx.us,https://web.archive.org/web/20241106045904id_/https://www.co.wise.tx.us/315/Elections?os=0slw57psddf,20241106045904,,n,,,"Seed http://co.wise.tx.us/ returned HTTP 403 and www.co.wise.tx.us was refused by the fetch module (robots_disallowed_or_unreachable). One web search located the same CivicPlus Elections page also served at www.ems.co.wise.tx.us/315/Elections, which the fetch module read. Clarity: results.enr.clarityelections.com/TX/Wise/elections.json returned HTTP 403 (not 404), and the county page has no Clarity link, so no EIDs were available and none were probed. The Elections page lists only canvass-time reports: 'May 26, 2026 Joint Primary Runoff Election Final Official Cumulative Results Report', 'March 3, 2026 Joint Primary Election Official Cumulative Results Report', reconciliation forms and hand count audits; no election-night report remains. 2024 general results were not examined beyond this list. Check 3 pending (origin/wayback-data branch not found). Targeted pass 3 2026-10-02 (targeted3-D): 2024_general UNDETERMINED to LATER (check 3). The wayback-data harvest has two election-night captures of www.co.wise.tx.us/315/Elections (22:59 and 02:03 CST) that link only 'Unofficial Cumulative Report - Final' (View/5970) and '- Early Voting' (View/5969); both files, fetched today through www.ems.co.wise.tx.us, are Hart cumulative county-total reports printed 9:14 PM and 6:37 PM on 11/05/2024; the 2024 precinct report (View/6011) is 'Official Results' run 11/18/2024. DocumentCenter sends no Last-Modified, so there is no upload time; the capture itself shows the 9:14 PM report was posted by 22:59. 2026 primary and runoff stay UNDETERMINED: no election-night captures (harvest found none), the Elections page and Election Results Archive (/317) list only official cumulative reports, and the Wise County Messenger primary story (published 2026-03-03, updated 2026-03-04 09:15 EST) gives county totals only, a lead that the county posted unofficial final results that night. Sweep pending (phase1/targeted/sweep/Wise not on wayback-data). Contact from TX SOS county election officials list (page sha256 065e1ebd63c5)."
Wood,LIVE_PRECINCT,high,(903) 763-2400,lwise@mywoodcounty.com,https://results.enr.clarityelections.com/TX/Wood/,clarity_style,results.enr.clarityelections.com,https://results.enr.clarityelections.com/TX/Wood/125922/368477/reports/detailxml.zip,,2024-11-05 19:38 CT,n,,,"Seed county elections site elections.mywoodcounty.com returned an empty HTTP 202 (bot protection), so it was not read. Clarity elections.json for Wood lists all three target elections (EIDs 122311, 125922, 126370), and check 1 read every update. All election-night updates carry precinct-level votes for 15 (2024) or 14 (2026) precincts, and the count of nonzero precinct vote cells rises through each night (2024: 1231 to 1795; 2026 primary: 4853 to 7171; 2026 runoff: 344 to 510), showing election-day votes added by precinct during the night. Check 3 not needed. Contact from TX SOS county election officials list (page sha256 065e1ebd63c5)."
Yoakum,COUNTY_ONLY_PRECINCT_AT_CANVASS,med,(806) 456-7491 ext. 294,countyclerk@yoakumcounty.org,https://www.co.yoakum.tx.us/page/Elections,county_pdfs,www.co.yoakum.tx.us,https://www.co.yoakum.tx.us/upload/page/0094/May%2026%202026%20Election%20Day%20Unofficial%20Results.pdf,,,n,,,"No Clarity site (elections.json 404). For each election the Elections pages post scanned Electionware 'Summary Results Report ... UNOFFICIAL RESULTS' files (early voting, then election day), which are county totals with Absentee, Early Voting and Election Day columns and no precinct breakdown; no precinct-by-precinct report is posted for any of the three elections (only reconciliation forms, hand count audits and, for the primary, a 'Primary Canvass 03-12-2026'). 2024 general: 'Election Day Results-Unofficial Results' footer 'Election Summary - 11/05/2024 8:20 PM' (tabulator clock likely still on daylight time), scan CreationDate 2024-11-06 01:34:46 UTC, Last-Modified Wed, 06 Nov 2024 01:36:02 GMT (7:36 PM CST). 2026 primary: 'Unofficial Election Day Results' scan CreationDate 2026-03-04 01:52:46 UTC (7:52 PM CST) but Last-Modified Fri, 20 Mar 2026 14:14:08 GMT (file re-uploaded later). 2026 runoff: 'Election Day Results-Unofficial' footer 'Election Summary - 05/26/2026 07:29PM', CreationDate 2026-05-27 00:28:27 UTC, Last-Modified Wed, 27 May 2026 00:31:06 GMT (7:31 PM CDT); the runoff early-voting file is labelled 'May 5 2026 Early Voting Unofficial Results.pdf' but is the 260526 runoff report (Last-Modified 2026-05-27 00:11:12 GMT). Contact from TX SOS county election officials list (page sha256 065e1ebd63c5)."
Young,COUNTY_ONLY_PRECINCT_AT_CANVASS,med,(940) 521-9483,k.mosley@youngcounty.org,https://www.co.young.tx.us/page/young.Elections,county_pdfs,www.co.young.tx.us,https://www.co.young.tx.us/upload/page/2681/2026/May%2026th%20Unofficial.pdf,,,n,,,"No Clarity site (elections.json 404). The Elections page posts one unofficial Hart-style 'Cumulative Results Report' (county totals by Absentee, Early and Election Day voting) per election and links the SOS site results.texas-election.com as 'DISTRICT UNOFFICIAL ELECTION NIGHT RESULTS'; no precinct report is posted for any target election. 2026 runoff: 'UNOFFICAL - May 26th Runoff Results', 'Run Time 7:50 PM Run Date 05/26/2026', CreationDate 2026-05-27 00:50:27 UTC, Last-Modified Wed, 27 May 2026 01:08:01 GMT (8:08 PM CDT). 2024 general: 'UNOFFICIAL Election Results November 5th, 2024', 'Run Time 9:21 PM Run Date 11/05/2024', CreationDate 2024-11-06 03:21:55 UTC (9:21 PM CST), but Last-Modified Wed, 06 Nov 2024 13:12:14 GMT (7:12 AM CST Nov 6, after election night). 2026 primary: no results file listed. Check 3 pending for the 2026 primary (origin/wayback-data branch not found). Rule 43 applied 2026-10-02 (normalize-4): 2024_general LATER kept, county_totals_first_seen 2024-11-05 21:21 CT. Contact from TX SOS county election officials list (page sha256 065e1ebd63c5)."
Zapata,UNKNOWN,low,(956) 765-9915,zapataclerk@yahoo.com,https://www.co.zapata.tx.us/,county_pdfs,www.co.zapata.tx.us,,,,n,,,"Verifier disagreement: research tag UNKNOWN, verifier tag COUNTY_ONLY_PRECINCT_AT_CANVASS; set to UNKNOWN per rule. No Clarity site (elections.json 404). Results are posted on the county home page (the Elections page holds notices only). 2026 primary: 'ZAPATA COUNTY UNOFFICIAL - MARCH 2026 - REP/DEM' scanned PDFs (Republican: CreationDate 2026-03-04 21:08 UTC, Last-Modified Wed, 04 Mar 2026 20:42:37 GMT, the day after), then official versions. 2026 runoff (labelled 'March 26, 2026 - Primary Runoff Election' on the page): 'UNOFFICIAL ... CUMULATIVE RESULTS' scan, Last-Modified Thu, 28 May 2026 17:38:38 GMT (two days after), then official cumulative and canvass reports. 2024 general: no results listed. No unofficial file was uploaded on election night per the server times, but whether something else was posted that night and replaced cannot be told. Check 3 pending (origin/wayback-data branch not found). Contact from TX SOS county election officials list (page sha256 065e1ebd63c5)."
Zavala,COUNTY_ONLY_PRECINCT_AT_CANVASS,low,(830) 374-2331,coclerk@zavalacounty.org,https://www.co.zavala.tx.us/page/Election%20Results%202026,county_pdfs,www.co.zavala.tx.us,https://www.co.zavala.tx.us/page/open/976/0/Primary%20Election%20Unofficial%20Democratic%20Results.pdf,,,n,,,"No Clarity site (elections.json 404). The 'Election Results 2026' page lists only 'Primary Election Unofficial Democratic Results', 'Primary Election Unofficial Republican Results' and 'Joint Primary Runoff Unofficial Results'. The /page/open/ file server sends no Last-Modified header, so there are no upload times. 2026 primary: the Democratic file is the SOS-format 'Texas Secretary of State Election Unofficial Results Report 2026 DEMOCRATIC PRIMARY ELECTION ... ZAVALA County' with county totals by mail, early in person and election day (the only 'PRECINCT' strings are commissioner contest names), PDF CreationDate 2026-03-04 08:22:16 UTC (2:22 AM CST, inside the election-night window); no precinct report is posted. 2026 runoff: a 2-page scan created 2026-05-27 13:43 UTC (8:43 AM CDT, after election night). 2024 general: no results listed. Check 3 pending for 2024 general and 2026 runoff (origin/wayback-data branch not found). Contact from TX SOS county election officials list (page sha256 065e1ebd63c5)."
